year,index,player_url,TEAM,LEAGUE,G,AB,R,H,2B,3B,HR,RBI,BB,SO,SB,CS,AVG,OBP,SLG,OPS,PA,HBP,SAC,SF,GIDP,GO,GO/AO,TB,IBB,BABIP,AB/HR
2003,1,,Texas Rangers,AL,162,5664,826,1506,274,36,239,799,488,1052,65,25,0.266,0.33,0.454,0.784,6293,75,24,42,115,1441,0.83,2569,31,0.287,23.7
2003,2,,Boston Red Sox,AL,162,5769,961,1667,371,40,238,932,620,943,88,35,0.289,0.36,0.491,0.851,6530,53,24,64,126,1479,0.84,2832,61,0.307,24.24
2003,3,,Atlanta Braves,NL,162,5670,907,1608,321,31,235,872,545,933,68,22,0.284,0.349,0.475,0.824,6378,49,65,49,124,1675,1.07,2696,46,0.302,24.13
2003,4,,New York Yankees,AL,163,5605,877,1518,304,14,230,845,684,1042,98,33,0.271,0.356,0.453,0.809,6431,81,25,35,154,1594,1.05,2540,54,0.295,24.37
2003,5,,Chicago White Sox,AL,162,5487,791,1445,303,19,220,766,519,916,77,29,0.263,0.331,0.446,0.777,6148,58,43,41,132,1483,0.86,2446,27,0.279,24.94
2003,6,,Colorado Rockies,NL,162,5518,853,1472,330,31,198,814,619,1134,63,37,0.267,0.344,0.445,0.789,6283,52,55,38,140,1597,1.14,2458,46,0.302,27.87
2003,7,,Milwaukee Brewers,NL,162,5548,714,1423,266,24,196,685,547,1221,99,39,0.256,0.329,0.419,0.748,6270,71,62,40,158,1636,1.2,2325,41,0.294,28.31
2003,7,,St. Louis Cardinals,NL,162,5672,876,1580,342,32,196,827,580,952,82,32,0.279,0.35,0.454,0.804,6466,73,87,54,136,1687,1.06,2574,68,0.302,28.94
2003,9,,Houston Astros,NL,162,5583,805,1466,308,30,191,763,557,1021,66,30,0.263,0.336,0.431,0.767,6320,81,61,38,125,1612,1.02,2407,44,0.289,29.23
2003,10,,Toronto Blue Jays,AL,162,5661,894,1580,357,33,190,853,546,1081,37,25,0.279,0.349,0.455,0.804,6364,90,11,56,146,1501,0.96,2573,40,0.313,29.8
2003,11,,Cincinnati Reds,NL,162,5509,694,1349,239,21,182,669,524,1326,80,34,0.245,0.318,0.395,0.713,6211,79,66,32,102,1496,1.04,2176,34,0.289,30.27
2003,12,,San Francisco Giants,NL,161,5456,755,1440,281,29,180,713,593,980,53,37,0.264,0.338,0.425,0.763,6204,40,76,39,130,1598,1.03,2319,79,0.291,30.31
2003,13,,Oakland Athletics,AL,162,5497,768,1398,317,24,176,742,556,898,48,14,0.254,0.327,0.417,0.744,6189,59,22,53,118,1589,0.94,2291,52,0.273,31.23
2003,14,,Chicago Cubs,NL,162,5519,724,1431,302,24,172,691,492,1158,73,31,0.259,0.323,0.416,0.739,6187,50,80,46,135,1619,1.13,2297,40,0.297,32.09
2003,15,,Philadelphia Phillies,NL,162,5543,791,1448,325,27,166,757,651,1155,72,29,0.261,0.343,0.419,0.762,6333,55,46,38,120,1548,1.05,2325,56,0.301,33.39
2003,16,,Pittsburgh Pirates,NL,162,5581,753,1492,275,45,163,711,529,1049,86,37,0.267,0.338,0.42,0.758,6315,87,79,38,112,1626,1.06,2346,42,0.302,34.24
2003,17,,Kansas City Royals,AL,162,5568,836,1526,288,39,162,781,476,926,120,42,0.274,0.336,0.427,0.763,6239,75,63,57,128,1660,1.05,2378,32,0.301,34.37
2003,18,,Cleveland Indians,AL,162,5572,699,1413,296,26,158,660,466,1062,86,61,0.254,0.316,0.401,0.717,6188,62,46,41,128,1630,1.05,2235,25,0.286,35.27
2003,19,,Florida Marlins,NL,162,5490,751,1459,292,44,157,709,515,978,150,74,0.266,0.333,0.421,0.754,6186,57,82,41,114,1740,1.21,2310,44,0.296,34.97
2003,20,,Minnesota Twins,AL,162,5655,801,1567,318,45,155,755,512,1027,94,44,0.277,0.341,0.431,0.772,6324,63,42,52,139,1708,1.18,2440,36,0.312,36.48
2003,21,,Detroit Tigers,AL,162,5466,591,1312,201,39,153,553,443,1099,98,63,0.24,0.3,0.375,0.675,6071,47,65,49,114,1703,1.16,2050,24,0.272,35.72
2003,22,,Arizona Diamondbacks,NL,162,5570,717,1467,303,47,152,696,531,1006,76,38,0.263,0.33,0.417,0.747,6261,45,63,52,126,1730,1.17,2320,63,0.295,36.64
2003,22,,Baltimore Orioles,AL,163,5665,743,1516,277,24,152,695,431,902,89,36,0.268,0.323,0.405,0.728,6241,54,51,40,123,1648,0.98,2297,32,0.293,37.27
2003,24,,Anaheim Angels,AL,162,5487,736,1473,276,33,150,687,476,838,129,61,0.268,0.33,0.413,0.743,6119,56,50,50,125,1553,0.9,2265,42,0.291,36.58
2003,25,,Montreal Expos,NL,162,5437,711,1404,294,25,144,682,522,990,100,39,0.258,0.326,0.401,0.727,6116,45,72,40,143,1800,1.33,2180,58,0.29,37.76
2003,26,,Seattle Mariners,AL,162,5561,795,1509,290,33,139,759,586,989,108,37,0.271,0.344,0.41,0.754,6281,53,35,46,130,1605,1.04,2282,34,0.306,40.01
2003,27,,Tampa Bay Devil Rays,AL,162,5654,715,1501,298,38,137,678,420,1030,142,42,0.265,0.32,0.404,0.724,6212,56,32,50,108,1668,1.09,2286,46,0.301,41.27
2003,28,,San Diego Padres,NL,162,5531,678,1442,257,32,128,641,565,1073,76,39,0.261,0.333,0.388,0.721,6246,57,50,42,142,1643,1.12,2147,34,0.301,43.21
2003,29,,Los Angeles Dodgers,NL,162,5458,574,1328,260,25,124,544,407,985,80,36,0.243,0.303,0.368,0.671,6036,72,71,28,121,1760,1.19,2010,43,0.275,44.02
2003,29,,New York Mets,NL,161,5341,642,1317,262,24,124,607,489,1035,70,31,0.247,0.314,0.374,0.688,6007,54,78,45,136,1678,1.17,1999,42,0.282,43.07
2004,1,,Chicago White Sox,AL,162,5534,865,1481,284,19,242,823,499,1030,78,51,0.268,0.333,0.457,0.79,6197,63,58,42,119,1478,0.9,2529,25,0.288,22.87
2004,1,,New York Yankees,AL,162,5527,897,1483,281,20,242,863,670,982,84,33,0.268,0.353,0.458,0.811,6364,80,37,50,157,1610,1.05,2530,40,0.285,22.84
2004,3,,Chicago Cubs,NL,162,5628,789,1508,308,29,235,755,489,1080,66,28,0.268,0.328,0.458,0.786,6281,38,78,48,120,1607,1.03,2579,46,0.292,23.95
2004,4,,Texas Rangers,AL,162,5615,860,1492,323,34,227,825,500,1099,69,36,0.266,0.329,0.457,0.786,6256,61,23,57,91,1422,0.85,2564,41,0.291,24.74
2004,5,,Boston Red Sox,AL,162,5720,949,1613,373,25,222,912,659,1189,68,30,0.282,0.36,0.472,0.832,6515,69,12,55,123,1418,0.9,2702,39,0.319,25.77
2004,6,,Philadelphia Phillies,NL,162,5643,840,1505,303,23,215,802,645,1133,100,27,0.267,0.345,0.443,0.788,6456,58,64,46,123,1535,0.97,2499,60,0.297,26.25
2004,7,,St. Louis Cardinals,NL,162,5555,855,1544,319,24,214,817,548,1085,111,47,0.278,0.344,0.46,0.804,6297,51,73,70,121,1564,1.04,2553,64,0.307,25.96
2004,8,,Los Angeles Dodgers,NL,162,5542,761,1450,226,30,203,731,536,1092,102,41,0.262,0.332,0.423,0.755,6244,62,69,35,121,1655,1.14,2345,45,0.291,27.3
2004,9,,Colorado Rockies,NL,162,5577,833,1531,331,34,202,795,568,1181,44,33,0.275,0.345,0.455,0.8,6333,54,97,37,132,1660,1.24,2536,51,0.314,27.61
2004,10,,Detroit Tigers,AL,162,5623,827,1531,284,54,201,800,518,1144,86,50,0.272,0.337,0.449,0.786,6285,50,50,43,110,1509,0.98,2526,32,0.308,27.98
2004,11,,Cincinnati Reds,NL,162,5518,750,1380,287,28,194,713,599,1335,77,25,0.25,0.331,0.418,0.749,6278,81,55,25,125,1547,1.16,2305,38,0.295,28.44
2004,12,,Minnesota Twins,AL,162,5623,780,1494,310,24,191,735,513,982,116,46,0.266,0.332,0.431,0.763,6286,64,46,40,130,1686,1.09,2425,42,0.29,29.44
2004,13,,Oakland Athletics,AL,162,5728,793,1545,336,15,189,752,608,1061,47,22,0.27,0.343,0.433,0.776,6459,55,25,43,142,1502,0.89,2478,40,0.3,30.31
2004,14,,Houston Astros,NL,162,5468,803,1458,294,36,187,756,590,999,89,30,0.267,0.342,0.436,0.778,6269,61,98,52,128,1576,0.99,2385,54,0.293,29.24
2004,15,,New York Mets,NL,162,5532,684,1376,289,20,185,658,512,1159,107,23,0.249,0.317,0.409,0.726,6209,61,69,34,129,1571,1.03,2260,54,0.282,29.9
2004,16,,Cleveland Indians,AL,162,5676,858,1565,345,29,184,820,606,1009,94,55,0.276,0.351,0.444,0.795,6452,78,47,42,143,1597,1.0,2520,41,0.305,30.85
2004,17,,San Francisco Giants,NL,162,5546,850,1500,314,33,183,805,705,874,43,23,0.27,0.357,0.438,0.795,6466,72,92,51,141,1724,1.08,2429,153,0.29,30.31
2004,18,,Atlanta Braves,NL,162,5570,803,1503,304,37,178,767,587,1158,86,32,0.27,0.343,0.434,0.777,6339,59,75,48,123,1649,1.19,2415,51,0.309,31.29
2004,19,,Baltimore Orioles,AL,162,5736,842,1614,319,18,169,803,528,949,101,41,0.281,0.345,0.432,0.777,6431,57,46,62,126,1626,0.98,2476,34,0.309,33.94
2004,20,,Anaheim Angels,AL,162,5675,836,1603,272,37,162,783,450,942,143,46,0.282,0.341,0.429,0.77,6296,73,56,41,123,1656,1.05,2435,43,0.312,35.03
2004,21,,Montreal Expos,NL,162,5474,635,1361,276,27,151,605,496,925,109,38,0.249,0.313,0.392,0.705,6138,35,100,33,115,1776,1.15,2144,51,0.273,36.25
2004,22,,Kansas City Royals,AL,162,5538,720,1432,261,29,150,675,461,1057,67,48,0.259,0.322,0.397,0.719,6153,76,40,38,130,1608,1.06,2201,28,0.293,36.92
2004,23,,Florida Marlins,NL,162,5486,718,1447,275,32,148,677,499,968,96,43,0.264,0.329,0.406,0.735,6160,58,77,40,142,1659,1.09,2230,37,0.295,37.07
2004,24,,Tampa Bay Devil Rays,AL,161,5483,714,1416,278,46,145,685,469,944,132,42,0.258,0.32,0.405,0.725,6098,55,35,56,97,1598,0.99,2221,33,0.286,37.81
2004,24,,Toronto Blue Jays,AL,161,5531,719,1438,290,34,145,680,513,1083,58,31,0.26,0.328,0.403,0.731,6178,71,20,42,139,1633,1.13,2231,25,0.298,38.14
2004,26,,Pittsburgh Pirates,NL,161,5483,680,1428,267,39,142,648,415,1066,63,40,0.26,0.321,0.401,0.722,6115,95,79,42,117,1721,1.24,2199,33,0.298,38.61
2004,27,,San Diego Padres,NL,162,5573,768,1521,304,32,139,722,566,910,52,25,0.273,0.342,0.414,0.756,6313,56,52,66,128,1668,1.05,2306,45,0.301,40.09
2004,28,,Seattle Mariners,AL,162,5722,698,1544,276,20,136,658,492,1058,110,42,0.27,0.331,0.396,0.727,6362,54,46,48,131,1697,1.12,2268,49,0.308,42.07
2004,29,,Arizona Diamondbacks,NL,162,5544,615,1401,295,38,135,582,441,1022,53,32,0.253,0.31,0.393,0.703,6114,35,56,37,137,1700,1.12,2177,38,0.286,41.07
2004,29,,Milwaukee Brewers,NL,161,5483,634,1358,295,32,135,601,540,1312,138,40,0.248,0.321,0.387,0.708,6195,68,56,40,120,1551,1.14,2122,49,0.3,40.62
2005,1,,Texas Rangers,AL,162,5716,865,1528,311,29,260,834,495,1112,67,15,0.267,0.329,0.468,0.797,6301,48,9,32,123,1446,0.87,2677,20,0.29,21.98
2005,2,,New York Yankees,AL,162,5624,886,1552,259,16,229,847,637,989,84,27,0.276,0.355,0.45,0.805,6406,73,28,43,125,1659,1.11,2530,41,0.297,24.56
2005,3,,Cincinnati Reds,NL,163,5565,820,1453,335,15,222,784,611,1303,72,23,0.261,0.339,0.446,0.785,6321,62,43,39,116,1517,1.1,2484,42,0.302,25.07
2005,4,,Cleveland Indians,AL,162,5609,790,1522,337,30,207,760,503,1093,62,36,0.271,0.334,0.453,0.787,6255,54,39,50,128,1588,1.06,2540,33,0.302,27.1
2005,5,,Chicago White Sox,AL,162,5529,741,1450,253,23,200,713,435,1002,137,67,0.262,0.322,0.425,0.747,6146,79,53,49,122,1601,1.01,2349,27,0.286,27.64
2005,6,,Boston Red Sox,AL,162,5626,910,1579,339,21,199,863,653,1044,45,12,0.281,0.357,0.454,0.811,6403,47,14,63,135,1488,0.93,2557,34,0.31,28.27
2005,7,,Chicago Cubs,NL,162,5584,703,1506,323,23,194,674,419,920,65,39,0.27,0.324,0.44,0.764,6161,50,69,37,131,1699,1.09,2457,49,0.291,28.78
2005,8,,Arizona Diamondbacks,NL,162,5550,696,1419,291,27,191,670,606,1094,67,26,0.256,0.332,0.421,0.753,6327,55,71,45,132,1680,1.14,2337,51,0.285,29.06
2005,9,,Baltimore Orioles,AL,162,5551,729,1492,296,27,189,700,447,902,83,37,0.269,0.327,0.434,0.761,6134,54,40,42,145,1573,0.94,2409,31,0.289,29.37
2005,10,,Atlanta Braves,NL,162,5486,769,1453,308,37,184,733,534,1084,92,32,0.265,0.333,0.435,0.768,6186,45,75,46,146,1631,1.13,2387,56,0.298,29.82
2005,11,,Milwaukee Brewers,NL,162,5448,726,1413,327,19,175,689,531,1162,79,34,0.259,0.331,0.423,0.754,6156,73,66,38,137,1512,1.03,2303,55,0.298,31.13
2005,11,,New York Mets,NL,162,5505,722,1421,279,32,175,683,486,1075,153,40,0.258,0.322,0.416,0.738,6146,48,69,38,103,1617,1.08,2289,49,0.29,31.46
2005,13,,St. Louis Cardinals,NL,162,5538,805,1494,287,26,170,757,534,947,83,36,0.27,0.339,0.423,0.762,6246,62,77,35,127,1730,1.17,2343,60,0.297,32.58
2005,14,,Detroit Tigers,AL,162,5602,723,1521,283,45,168,678,384,1038,66,28,0.272,0.321,0.428,0.749,6136,53,44,52,137,1599,1.04,2398,24,0.304,33.34
2005,15,,Philadelphia Phillies,NL,162,5542,807,1494,282,35,167,760,639,1083,116,27,0.27,0.348,0.423,0.771,6345,56,62,46,107,1512,0.97,2347,76,0.306,33.19
2005,16,,Houston Astros,NL,163,5462,693,1400,281,32,161,654,481,1037,115,44,0.256,0.322,0.408,0.73,6139,72,82,42,116,1592,1.02,2228,43,0.288,33.92
2005,17,,Tampa Bay Devil Rays,AL,162,5552,750,1519,289,40,157,717,412,990,151,49,0.274,0.329,0.425,0.754,6120,69,34,51,133,1602,1.05,2359,25,0.306,35.36
2005,18,,Oakland Athletics,AL,162,5627,772,1476,310,20,155,739,537,819,31,22,0.262,0.33,0.407,0.737,6275,52,19,40,148,1645,0.94,2291,22,0.281,36.3
2005,19,,Colorado Rockies,NL,162,5542,740,1477,280,34,150,704,509,1103,65,32,0.267,0.333,0.411,0.744,6238,64,88,34,125,1645,1.14,2275,36,0.307,36.95
2005,20,,Los Angeles Dodgers,NL,162,5433,685,1374,284,21,149,653,541,1094,58,35,0.253,0.326,0.395,0.721,6134,67,57,33,139,1579,1.07,2147,30,0.29,36.46
2005,21,,Los Angeles Angels,AL,162,5624,761,1520,278,30,147,726,447,848,161,57,0.27,0.325,0.409,0.734,6186,29,43,39,125,1651,0.98,2299,51,0.294,38.26
2005,22,,Pittsburgh Pirates,NL,162,5573,680,1445,292,38,139,656,471,1092,73,30,0.259,0.322,0.4,0.722,6221,72,56,49,130,1682,1.15,2230,38,0.297,40.09
2005,23,,Toronto Blue Jays,AL,162,5581,775,1480,307,39,136,735,486,955,72,35,0.265,0.331,0.407,0.738,6233,89,21,56,126,1649,1.05,2273,18,0.296,41.04
2005,24,,Minnesota Twins,AL,162,5564,688,1441,269,32,134,644,485,978,102,44,0.259,0.323,0.391,0.714,6192,59,42,42,155,1831,1.31,2176,49,0.291,41.52
2005,25,,San Diego Padres,NL,162,5502,684,1416,269,39,130,655,600,977,99,44,0.257,0.333,0.391,0.724,6271,49,72,48,122,1585,0.96,2153,41,0.289,42.32
2005,25,,Seattle Mariners,AL,162,5507,699,1408,289,34,130,657,466,986,102,47,0.256,0.317,0.391,0.708,6095,48,37,37,115,1653,1.08,2155,50,0.289,42.36
2005,27,,Florida Marlins,NL,162,5502,717,1499,306,32,128,678,512,918,96,38,0.272,0.339,0.409,0.748,6214,67,82,50,144,1669,1.08,2253,61,0.304,42.98
2005,27,,San Francisco Giants,NL,162,5462,649,1427,299,26,128,617,431,901,71,35,0.261,0.319,0.396,0.715,6077,49,91,44,146,1704,1.09,2162,26,0.29,42.67
2005,29,,Kansas City Royals,AL,162,5503,701,1445,289,34,126,653,424,1008,53,33,0.263,0.32,0.396,0.716,6086,63,46,50,139,1566,0.99,2180,23,0.298,43.68
2005,30,,Washington Nationals,NL,162,5426,639,1367,311,32,117,615,491,1090,45,45,0.252,0.322,0.386,0.708,6142,89,91,45,130,1678,1.18,2093,55,0.293,46.38
2006,1,,Chicago White Sox,AL,162,5657,868,1586,291,20,236,839,502,1056,93,48,0.28,0.342,0.464,0.806,6318,58,44,57,118,1536,0.97,2625,33,0.305,23.97
2006,2,,Atlanta Braves,NL,162,5583,849,1510,312,26,222,818,526,1169,52,35,0.27,0.337,0.455,0.792,6284,52,78,44,131,1586,1.1,2540,48,0.304,25.15
2006,3,,Cincinnati Reds,NL,162,5515,749,1419,291,12,217,718,614,1192,124,33,0.257,0.336,0.432,0.768,6296,59,66,38,122,1546,1.06,2385,52,0.29,25.42
2006,4,,Philadelphia Phillies,NL,162,5687,865,1518,294,41,216,823,626,1203,92,25,0.267,0.347,0.447,0.794,6509,95,57,44,114,1573,1.05,2542,67,0.302,26.33
2006,5,,New York Yankees,AL,162,5651,930,1608,327,21,210,902,649,1053,139,35,0.285,0.363,0.461,0.824,6455,72,34,49,139,1637,1.14,2607,43,0.315,26.91
2006,6,,Detroit Tigers,AL,162,5642,822,1548,294,40,203,785,430,1133,60,40,0.274,0.329,0.449,0.778,6198,45,45,36,120,1494,0.97,2531,27,0.31,27.79
2006,7,,New York Mets,NL,162,5558,834,1469,323,41,200,800,547,1071,146,35,0.264,0.334,0.445,0.779,6291,62,77,47,114,1616,1.06,2474,63,0.293,27.79
2006,8,,Toronto Blue Jays,AL,162,5596,809,1591,348,27,199,778,514,906,65,33,0.284,0.348,0.463,0.811,6241,63,16,52,166,1560,0.97,2590,31,0.306,28.12
2006,9,,Cleveland Indians,AL,162,5619,870,1576,351,27,196,839,556,1204,55,23,0.28,0.349,0.457,0.806,6303,54,30,43,127,1437,0.97,2569,42,0.324,28.67
2006,10,,Boston Red Sox,AL,162,5619,820,1510,327,16,192,777,672,1056,51,23,0.269,0.351,0.435,0.786,6435,66,22,56,136,1445,0.86,2445,56,0.298,29.27
2006,11,,Tampa Bay Devil Rays,AL,162,5474,689,1395,267,33,190,650,441,1106,134,52,0.255,0.314,0.42,0.734,6041,47,35,43,101,1521,0.99,2298,23,0.285,28.81
2006,12,,St. Louis Cardinals,NL,161,5522,781,1484,292,27,184,745,531,922,59,32,0.269,0.337,0.431,0.768,6225,61,71,40,129,1683,1.09,2382,70,0.292,30.01
2006,13,,Texas Rangers,AL,162,5659,835,1571,357,23,183,799,505,1061,53,24,0.278,0.338,0.446,0.784,6273,40,18,50,148,1531,0.98,2523,35,0.311,30.92
2006,14,,Florida Marlins,NL,162,5502,758,1454,309,42,182,713,497,1249,110,58,0.264,0.331,0.435,0.766,6191,74,76,42,109,1484,1.04,2393,55,0.309,30.23
2006,15,,Milwaukee Brewers,NL,162,5433,730,1400,301,20,180,695,502,1233,71,37,0.258,0.327,0.42,0.747,6130,82,58,53,133,1458,1.0,2281,48,0.3,30.18
2006,16,,Oakland Athletics,AL,162,5500,771,1429,266,22,175,735,650,976,61,20,0.26,0.34,0.412,0.752,6281,50,25,56,170,1543,0.94,2264,28,0.285,31.43
2006,17,,Houston Astros,NL,162,5521,735,1407,275,27,174,708,585,1076,79,36,0.255,0.332,0.409,0.741,6326,73,100,46,122,1593,1.0,2258,54,0.286,31.73
2006,18,,Seattle Mariners,AL,162,5670,756,1540,266,42,172,703,404,974,106,37,0.272,0.325,0.424,0.749,6213,63,38,38,117,1624,1.01,2406,49,0.3,32.96
2006,19,,Chicago Cubs,NL,162,5587,716,1496,271,46,166,677,395,928,121,49,0.268,0.319,0.422,0.741,6147,43,84,37,135,1797,1.21,2357,24,0.294,33.66
2006,20,,Baltimore Orioles,AL,162,5610,768,1556,288,20,164,727,474,878,121,32,0.277,0.339,0.424,0.763,6240,73,40,41,145,1680,1.07,2376,35,0.302,34.21
2006,20,,Washington Nationals,NL,162,5495,746,1437,322,22,164,695,594,1156,123,62,0.262,0.338,0.418,0.756,6283,69,76,49,118,1577,1.09,2295,66,0.301,33.51
2006,22,,San Francisco Giants,NL,161,5472,746,1418,297,52,163,711,494,891,58,25,0.259,0.324,0.422,0.746,6136,53,80,37,136,1691,1.06,2308,76,0.282,33.57
2006,23,,San Diego Padres,NL,162,5576,731,1465,298,38,161,698,564,1104,123,31,0.263,0.332,0.416,0.748,6287,40,59,47,127,1551,0.99,2322,37,0.299,34.63
2006,24,,Arizona Diamondbacks,NL,162,5645,773,1506,331,38,160,743,504,965,76,30,0.267,0.331,0.424,0.755,6330,67,61,53,136,1678,1.04,2393,47,0.294,35.28
2006,25,,Los Angeles Angels,AL,162,5609,766,1539,309,29,159,737,486,914,148,57,0.274,0.334,0.425,0.759,6221,42,31,53,126,1651,1.04,2383,49,0.301,35.28
2006,26,,Colorado Rockies,NL,162,5562,813,1504,325,54,157,761,561,1108,85,50,0.27,0.341,0.433,0.774,6348,60,119,45,119,1678,1.17,2408,64,0.31,35.43
2006,27,,Los Angeles Dodgers,NL,162,5628,820,1552,307,58,153,787,601,959,128,49,0.276,0.348,0.432,0.78,6394,51,66,48,140,1677,1.08,2434,61,0.307,36.78
2006,28,,Minnesota Twins,AL,162,5602,801,1608,275,34,143,754,490,872,101,42,0.287,0.347,0.425,0.772,6228,50,31,55,163,1751,1.2,2380,46,0.316,39.18
2006,29,,Pittsburgh Pirates,NL,162,5558,691,1462,286,17,141,656,459,1200,68,23,0.263,0.327,0.397,0.724,6218,89,62,49,153,1554,1.07,2205,49,0.31,39.42
2006,30,,Kansas City Royals,AL,162,5589,757,1515,335,37,124,718,474,1040,65,34,0.271,0.332,0.411,0.743,6229,64,52,48,130,1717,1.21,2296,32,0.311,45.07
2007,1,,Milwaukee Brewers,NL,162,5554,801,1455,310,37,231,774,501,1137,96,32,0.262,0.329,0.456,0.785,6238,76,60,47,112,1481,0.93,2532,60,0.289,24.04
2007,2,,Philadelphia Phillies,NL,162,5688,892,1558,326,41,213,850,641,1205,138,19,0.274,0.354,0.458,0.812,6537,90,65,52,125,1479,0.95,2605,74,0.311,26.7
2007,3,,Cincinnati Reds,NL,162,5607,783,1496,293,23,204,747,536,1113,97,31,0.267,0.335,0.436,0.771,6332,66,73,46,140,1527,0.96,2447,51,0.298,27.48
2007,4,,Florida Marlins,NL,162,5627,790,1504,340,38,201,749,521,1332,105,34,0.267,0.336,0.448,0.784,6344,82,72,42,107,1396,0.93,2523,46,0.315,28.0
2007,4,,New York Yankees,AL,162,5717,968,1656,326,32,201,929,637,991,123,40,0.29,0.366,0.463,0.829,6528,78,41,54,138,1706,1.17,2649,32,0.318,28.44
2007,6,,Chicago White Sox,AL,162,5441,693,1341,249,20,190,667,532,1149,78,45,0.246,0.318,0.404,0.722,6103,52,41,35,138,1572,1.08,2200,33,0.278,28.64
2007,7,,Tampa Bay Devil Rays,AL,162,5593,782,1500,291,36,187,750,545,1324,131,48,0.268,0.336,0.433,0.769,6280,53,34,52,118,1409,0.97,2424,31,0.318,29.91
2007,8,,Texas Rangers,AL,162,5555,816,1460,298,36,179,768,503,1224,88,25,0.263,0.328,0.426,0.754,6214,56,57,42,129,1467,0.98,2367,27,0.305,31.03
2007,9,,Cleveland Indians,AL,162,5604,811,1504,305,27,178,784,590,1202,72,41,0.268,0.343,0.428,0.771,6367,80,32,59,114,1444,0.93,2397,56,0.31,31.48
2007,10,,Detroit Tigers,AL,162,5757,887,1652,352,50,177,857,474,1054,103,30,0.287,0.345,0.458,0.803,6364,56,31,45,128,1507,0.93,2635,45,0.323,32.52
2007,10,,New York Mets,NL,162,5605,804,1543,294,27,177,761,549,981,200,46,0.275,0.342,0.432,0.774,6344,54,77,58,114,1696,1.12,2422,64,0.303,31.67
2007,12,,Atlanta Braves,NL,162,5689,810,1562,328,27,176,781,534,1149,64,30,0.275,0.339,0.435,0.774,6374,49,55,47,137,1585,1.06,2472,43,0.314,32.32
2007,13,,Arizona Diamondbacks,NL,162,5398,712,1350,286,40,171,687,532,1111,109,24,0.25,0.321,0.413,0.734,6101,57,55,58,121,1450,0.91,2229,38,0.282,31.57
2007,13,,Colorado Rockies,NL,163,5691,860,1591,313,36,171,823,622,1152,100,31,0.28,0.354,0.437,0.791,6498,58,83,44,140,1587,1.07,2489,51,0.322,33.28
2007,13,,Oakland Athletics,AL,162,5577,741,1430,295,16,171,711,664,1119,52,20,0.256,0.338,0.407,0.745,6365,49,18,56,142,1457,0.89,2270,29,0.29,32.61
2007,13,,San Diego Padres,NL,163,5612,741,1408,322,31,171,704,557,1229,55,24,0.251,0.322,0.411,0.733,6326,49,64,44,113,1475,0.92,2305,45,0.291,32.82
2007,17,,Houston Astros,NL,162,5605,723,1457,293,30,167,700,547,1043,65,33,0.26,0.33,0.412,0.742,6324,55,77,40,142,1608,1.0,2311,40,0.291,33.56
2007,18,,Boston Red Sox,AL,162,5589,867,1561,352,35,166,829,689,1042,96,24,0.279,0.362,0.444,0.806,6426,64,30,54,146,1500,0.96,2481,54,0.315,33.67
2007,19,,Toronto Blue Jays,AL,162,5536,753,1434,344,24,165,719,533,1044,57,22,0.259,0.327,0.419,0.746,6197,47,33,48,127,1462,0.87,2321,32,0.29,33.55
2007,20,,Seattle Mariners,AL,162,5684,794,1629,284,22,153,754,389,861,81,30,0.287,0.337,0.425,0.762,6209,62,33,40,154,1729,1.12,2416,32,0.313,37.15
2007,21,,Chicago Cubs,NL,162,5643,752,1530,340,28,151,711,500,1054,86,33,0.271,0.333,0.422,0.755,6268,40,48,37,127,1627,1.07,2379,48,0.308,37.37
2007,22,,Pittsburgh Pirates,NL,162,5569,724,1463,322,31,148,694,463,1135,68,30,0.263,0.325,0.411,0.736,6214,71,60,51,130,1521,0.97,2291,31,0.303,37.63
2007,23,,Baltimore Orioles,AL,162,5631,756,1529,306,30,142,718,500,939,144,42,0.272,0.333,0.412,0.745,6264,47,38,47,139,1650,1.03,2321,31,0.302,39.66
2007,24,,St. Louis Cardinals,NL,162,5529,725,1513,279,13,141,690,506,909,56,33,0.274,0.337,0.405,0.742,6211,54,68,54,154,1606,0.99,2241,47,0.303,39.21
2007,25,,San Francisco Giants,NL,162,5538,683,1407,267,37,131,641,532,907,119,33,0.254,0.322,0.387,0.709,6213,39,67,36,142,1730,1.08,2141,74,0.281,42.28
2007,26,,Los Angeles Dodgers,NL,162,5613,735,1544,276,35,129,706,511,864,137,50,0.275,0.337,0.406,0.743,6282,41,58,55,116,1743,1.11,2277,41,0.303,43.51
2007,27,,Los Angeles Angels,AL,162,5554,822,1578,324,23,123,776,507,883,139,55,0.284,0.345,0.417,0.762,6198,40,32,65,146,1696,1.14,2317,55,0.315,45.15
2007,27,,Washington Nationals,NL,162,5520,673,1415,309,31,123,646,524,1128,69,23,0.256,0.325,0.39,0.715,6201,53,63,41,143,1659,1.17,2155,38,0.3,44.88
2007,29,,Minnesota Twins,AL,162,5522,718,1460,273,36,118,671,512,839,112,30,0.264,0.33,0.391,0.721,6161,48,34,45,149,1852,1.28,2159,41,0.291,46.8
2007,30,,Kansas City Royals,AL,162,5534,706,1447,300,46,102,660,428,1069,78,44,0.261,0.322,0.388,0.71,6140,89,41,47,151,1685,1.19,2145,34,0.305,54.26
2008,1,,Chicago White Sox,AL,163,5553,811,1458,296,13,235,785,540,1016,67,34,0.263,0.332,0.448,0.78,6231,63,28,47,157,1465,0.87,2485,33,0.281,23.63
2008,2,,Philadelphia Phillies,NL,162,5509,799,1407,291,36,214,762,586,1117,136,25,0.255,0.332,0.438,0.77,6273,67,71,40,108,1565,1.02,2412,68,0.283,25.74
2008,3,,Florida Marlins,NL,161,5499,770,1397,302,28,208,741,543,1371,76,28,0.254,0.326,0.433,0.759,6206,69,49,46,98,1380,0.95,2379,50,0.3,26.44
2008,4,,Detroit Tigers,AL,162,5641,821,1529,293,41,200,780,572,1076,63,31,0.271,0.34,0.444,0.784,6331,44,30,44,144,1521,0.96,2504,23,0.301,28.2
2008,5,,Milwaukee Brewers,NL,162,5535,750,1398,324,35,198,722,550,1203,108,38,0.253,0.325,0.431,0.756,6252,69,54,43,97,1455,0.92,2386,44,0.287,27.96
2008,6,,Texas Rangers,AL,162,5728,901,1619,376,35,194,867,595,1207,81,25,0.283,0.354,0.462,0.816,6478,63,37,54,117,1472,0.97,2647,43,0.325,29.53
2008,7,,Cincinnati Reds,NL,162,5465,704,1351,269,24,187,677,560,1125,85,47,0.247,0.321,0.408,0.729,6188,50,72,41,101,1622,1.1,2229,50,0.278,29.22
2008,8,,Chicago Cubs,NL,161,5588,855,1552,329,21,184,811,636,1186,87,34,0.278,0.354,0.443,0.797,6384,50,65,45,134,1523,1.06,2475,48,0.321,30.37
2008,9,,New York Yankees,AL,162,5572,789,1512,289,20,180,758,535,1015,118,39,0.271,0.342,0.427,0.769,6257,80,31,39,149,1628,1.09,2381,36,0.302,30.96
2008,9,,Tampa Bay Rays,AL,162,5541,774,1443,284,37,180,735,626,1224,142,50,0.26,0.34,0.422,0.762,6312,68,23,52,111,1489,1.02,2341,33,0.302,30.78
2008,11,,St. Louis Cardinals,NL,162,5636,779,1585,283,26,174,744,577,985,73,32,0.281,0.35,0.433,0.783,6370,42,71,44,150,1628,1.05,2442,63,0.312,32.39
2008,12,,Boston Red Sox,AL,162,5596,845,1565,353,33,173,807,646,1068,120,35,0.28,0.358,0.447,0.805,6402,70,28,62,147,1456,0.91,2503,49,0.315,32.35
2008,13,,Baltimore Orioles,AL,161,5559,782,1486,322,30,172,750,533,990,81,37,0.267,0.333,0.429,0.762,6211,42,27,48,111,1526,0.94,2384,37,0.296,32.32
2008,13,,New York Mets,NL,162,5606,799,1491,274,38,172,751,619,1024,138,36,0.266,0.34,0.42,0.76,6388,39,73,49,129,1761,1.21,2357,71,0.296,32.59
2008,15,,Cleveland Indians,AL,162,5543,805,1455,339,22,171,772,560,1213,77,29,0.262,0.339,0.424,0.763,6299,103,43,49,123,1384,0.87,2351,44,0.305,32.42
2008,16,,Houston Astros,NL,161,5451,712,1432,284,22,167,684,449,1051,114,52,0.263,0.323,0.415,0.738,6051,52,57,41,116,1625,1.13,2261,42,0.296,32.64
2008,17,,Colorado Rockies,NL,162,5557,747,1462,310,28,160,714,570,1209,141,37,0.263,0.336,0.415,0.751,6312,57,90,38,119,1575,1.09,2308,36,0.308,34.73
2008,18,,Arizona Diamondbacks,NL,162,5409,720,1355,318,47,159,683,587,1287,58,23,0.251,0.327,0.415,0.742,6156,49,68,43,105,1369,0.91,2244,49,0.299,34.02
2008,18,,Los Angeles Angels,AL,162,5540,765,1486,274,25,159,721,481,987,129,48,0.268,0.33,0.413,0.743,6155,52,32,50,140,1658,1.11,2287,52,0.299,34.84
2008,20,,San Diego Padres,NL,162,5568,637,1390,264,27,154,615,518,1259,36,17,0.25,0.317,0.39,0.707,6244,53,59,46,129,1509,1.0,2170,35,0.294,36.16
2008,21,,Pittsburgh Pirates,NL,162,5628,735,1454,314,21,153,705,474,1039,57,19,0.258,0.32,0.403,0.723,6278,59,66,51,111,1625,1.0,2269,40,0.29,36.78
2008,22,,Los Angeles Dodgers,NL,162,5506,700,1455,271,29,137,659,543,1032,126,43,0.264,0.333,0.399,0.732,6194,43,64,38,153,1696,1.19,2195,62,0.301,40.19
2008,23,,Atlanta Braves,NL,162,5604,753,1514,316,33,130,721,618,1023,58,27,0.27,0.345,0.408,0.753,6368,42,69,34,143,1674,1.12,2286,56,0.309,43.11
2008,24,,Toronto Blue Jays,AL,162,5503,714,1453,303,32,126,681,521,938,80,27,0.264,0.331,0.399,0.73,6191,59,48,56,150,1623,1.02,2198,34,0.295,43.68
2008,25,,Oakland Athletics,AL,161,5451,646,1318,270,23,125,610,574,1226,88,21,0.242,0.318,0.369,0.687,6138,48,30,35,126,1408,0.9,2009,23,0.289,43.61
2008,26,,Seattle Mariners,AL,162,5643,671,1498,285,20,124,631,417,890,90,32,0.265,0.318,0.389,0.707,6176,38,36,42,137,1700,1.04,2195,44,0.294,45.51
2008,27,,Kansas City Royals,AL,162,5608,691,1507,303,28,120,650,392,1005,79,38,0.269,0.32,0.397,0.717,6118,50,32,36,144,1695,1.15,2226,31,0.307,46.73
2008,28,,Washington Nationals,NL,161,5491,641,1376,269,26,117,608,534,1095,81,43,0.251,0.323,0.373,0.696,6192,67,64,36,153,1708,1.21,2048,21,0.292,46.93
2008,29,,Minnesota Twins,AL,163,5641,829,1572,298,49,111,791,529,979,102,42,0.279,0.34,0.408,0.748,6331,36,52,72,142,1743,1.18,2301,48,0.316,50.82
2008,30,,San Francisco Giants,NL,162,5543,640,1452,311,37,94,606,452,1044,108,46,0.262,0.321,0.382,0.703,6145,48,57,44,139,1775,1.29,2119,45,0.305,58.97
2009,1,,New York Yankees,AL,162,5660,915,1604,325,21,244,881,663,1014,111,28,0.283,0.362,0.478,0.84,6449,54,31,39,144,1602,1.06,2703,35,0.306,23.2
2009,2,,Philadelphia Phillies,NL,162,5578,820,1439,312,35,224,788,589,1155,119,28,0.258,0.334,0.447,0.781,6338,71,55,45,90,1491,0.94,2493,47,0.286,24.9
2009,2,,Texas Rangers,AL,162,5526,784,1436,296,27,224,748,472,1253,149,36,0.26,0.32,0.445,0.765,6127,37,40,51,97,1377,0.89,2458,23,0.296,24.67
2009,4,,Boston Red Sox,AL,162,5543,872,1495,335,25,212,822,659,1120,126,39,0.27,0.352,0.454,0.806,6344,70,19,51,137,1377,0.85,2516,39,0.301,26.15
2009,5,,Toronto Blue Jays,AL,162,5696,798,1516,339,13,209,766,548,1028,73,23,0.266,0.333,0.44,0.773,6362,45,24,49,130,1460,0.83,2508,23,0.29,27.25
2009,6,,Tampa Bay Rays,AL,162,5462,803,1434,297,36,199,765,642,1229,194,61,0.263,0.343,0.439,0.782,6223,49,25,45,104,1362,0.9,2400,36,0.303,27.45
2009,7,,Colorado Rockies,NL,162,5398,804,1408,300,50,190,760,660,1277,106,55,0.261,0.343,0.441,0.784,6241,47,76,60,111,1425,1.0,2378,40,0.305,28.41
2009,8,,Chicago White Sox,AL,162,5463,724,1410,246,20,184,695,534,1022,113,49,0.258,0.329,0.411,0.74,6132,62,34,39,139,1537,0.98,2248,25,0.285,29.69
2009,9,,Detroit Tigers,AL,163,5540,743,1443,245,35,183,718,540,1114,72,33,0.26,0.331,0.416,0.747,6234,61,53,39,131,1489,0.94,2307,30,0.294,30.27
2009,10,,Milwaukee Brewers,NL,162,5510,785,1447,281,37,182,757,610,1231,68,37,0.263,0.341,0.426,0.767,6296,71,58,47,128,1465,1.0,2348,44,0.305,30.28
2009,11,,Arizona Diamondbacks,NL,162,5565,720,1408,307,45,173,686,571,1298,102,40,0.253,0.324,0.418,0.742,6269,37,54,41,93,1450,0.96,2324,47,0.299,32.17
2009,11,,Los Angeles Angels,AL,162,5622,883,1604,293,33,173,841,547,1054,148,63,0.285,0.35,0.441,0.791,6305,41,43,52,128,1568,1.05,2482,32,0.322,32.5
2009,13,,Minnesota Twins,AL,163,5608,817,1539,271,40,172,770,585,1021,85,32,0.274,0.345,0.429,0.774,6346,45,51,57,147,1680,1.14,2406,46,0.306,32.6
2009,14,,Chicago Cubs,NL,161,5486,707,1398,293,29,161,678,592,1185,56,34,0.255,0.332,0.407,0.739,6244,59,65,42,134,1550,1.06,2232,44,0.296,34.08
2009,14,,Cleveland Indians,AL,162,5568,773,1468,314,28,161,730,582,1211,84,31,0.264,0.339,0.417,0.756,6320,81,39,50,140,1553,1.09,2321,20,0.308,34.58
2009,16,,Baltimore Orioles,AL,162,5618,741,1508,307,19,160,708,517,1013,76,37,0.268,0.332,0.415,0.747,6233,39,13,46,131,1591,1.02,2333,25,0.3,35.11
2009,16,,Seattle Mariners,AL,162,5543,640,1430,280,19,160,613,421,1093,89,33,0.258,0.314,0.402,0.716,6113,49,56,44,124,1596,1.05,2228,39,0.293,34.64
2009,16,,St. Louis Cardinals,NL,162,5465,730,1436,294,29,160,694,528,1041,75,31,0.263,0.332,0.415,0.747,6168,61,68,43,127,1605,1.07,2268,73,0.296,34.16
2009,19,,Florida Marlins,NL,162,5572,772,1493,296,25,159,727,568,1226,75,35,0.268,0.34,0.416,0.756,6312,63,70,39,110,1459,0.97,2316,46,0.316,35.04
2009,20,,Cincinnati Reds,NL,162,5462,673,1349,280,25,158,637,531,1129,96,40,0.247,0.318,0.394,0.712,6187,53,100,41,103,1599,1.05,2153,37,0.282,34.57
2009,21,,Washington Nationals,NL,162,5493,710,1416,271,38,156,685,617,1208,73,40,0.258,0.337,0.406,0.743,6273,56,64,42,133,1556,1.1,2231,39,0.302,35.21
2009,22,,Atlanta Braves,NL,162,5539,735,1459,300,20,149,700,602,1064,58,26,0.263,0.339,0.405,0.744,6335,52,95,47,142,1651,1.1,2246,54,0.3,37.17
2009,23,,Los Angeles Dodgers,NL,162,5592,780,1511,278,39,145,739,607,1068,116,48,0.27,0.346,0.412,0.758,6385,63,78,44,141,1710,1.2,2302,76,0.309,38.57
2009,24,,Kansas City Royals,AL,162,5532,686,1432,276,51,144,657,457,1091,88,29,0.259,0.318,0.405,0.723,6103,42,38,32,135,1620,1.11,2242,20,0.298,38.42
2009,25,,Houston Astros,NL,162,5436,643,1415,270,32,142,616,448,990,113,44,0.26,0.319,0.4,0.719,6040,43,66,45,153,1730,1.23,2175,37,0.293,38.28
2009,26,,San Diego Padres,NL,162,5425,638,1315,265,31,141,605,586,1182,82,29,0.242,0.321,0.381,0.702,6179,57,74,36,131,1572,1.07,2065,52,0.284,38.48
2009,27,,Oakland Athletics,AL,162,5584,759,1464,307,21,135,723,527,1046,133,48,0.262,0.328,0.397,0.725,6247,50,31,54,130,1491,0.89,2218,16,0.298,41.36
2009,28,,Pittsburgh Pirates,NL,161,5417,636,1364,289,34,125,612,499,1142,90,32,0.252,0.318,0.387,0.705,6058,46,60,36,124,1584,1.11,2096,44,0.296,43.34
2009,29,,San Francisco Giants,NL,162,5493,657,1411,275,43,122,612,392,1158,78,28,0.257,0.309,0.389,0.698,6057,50,67,55,115,1602,1.11,2138,41,0.302,45.02
2009,30,,New York Mets,NL,162,5453,671,1472,295,49,95,631,526,928,122,44,0.27,0.335,0.394,0.729,6159,36,88,55,144,1764,1.23,2150,49,0.307,57.4
2010,1,,Toronto Blue Jays,AL,162,5495,755,1364,319,21,257,732,471,1164,58,20,0.248,0.312,0.454,0.766,6072,55,16,34,114,1365,0.83,2496,25,0.269,21.38
2010,2,,Boston Red Sox,AL,162,5646,818,1511,358,22,211,782,587,1140,68,17,0.268,0.339,0.451,0.79,6356,47,29,46,130,1413,0.85,2546,43,0.299,26.76
2010,3,,New York Yankees,AL,162,5567,859,1485,275,32,201,823,662,1136,103,30,0.267,0.35,0.436,0.786,6379,73,33,44,124,1558,1.06,2427,36,0.3,27.7
2010,4,,Cincinnati Reds,NL,162,5579,790,1515,293,30,188,761,522,1218,93,43,0.272,0.338,0.436,0.774,6285,68,66,50,113,1450,0.96,2432,34,0.314,29.68
2010,5,,Milwaukee Brewers,NL,162,5606,750,1471,293,33,182,710,546,1216,81,26,0.262,0.335,0.424,0.759,6304,81,35,35,115,1538,1.06,2376,35,0.304,30.8
2010,6,,Arizona Diamondbacks,NL,162,5473,713,1366,301,34,180,691,589,1529,86,41,0.25,0.325,0.416,0.741,6183,39,41,41,113,1286,0.94,2275,45,0.312,30.41
2010,7,,Chicago White Sox,AL,162,5484,752,1467,263,21,177,710,467,922,160,74,0.268,0.332,0.42,0.752,6118,79,50,38,148,1676,1.11,2303,23,0.292,30.98
2010,8,,Colorado Rockies,NL,162,5530,770,1452,270,54,173,741,585,1274,99,42,0.263,0.336,0.425,0.761,6265,47,56,47,103,1461,1.01,2349,53,0.31,31.96
2010,9,,Philadelphia Phillies,NL,162,5581,772,1451,290,34,166,736,560,1064,108,21,0.26,0.332,0.413,0.745,6291,63,44,43,120,1628,1.07,2307,69,0.292,33.62
2010,10,,San Francisco Giants,NL,162,5488,697,1411,284,30,162,660,487,1099,55,32,0.257,0.321,0.408,0.729,6143,50,76,41,158,1619,1.1,2241,53,0.293,33.88
2010,10,,Texas Rangers,AL,162,5635,787,1556,268,25,162,740,511,986,123,48,0.276,0.338,0.419,0.757,6302,45,53,54,129,1693,1.12,2360,37,0.307,34.78
2010,12,,Tampa Bay Rays,AL,162,5439,802,1343,295,37,160,769,672,1292,172,47,0.247,0.333,0.403,0.736,6270,57,39,57,92,1401,0.93,2192,30,0.293,33.99
2010,13,,Los Angeles Angels,AL,162,5488,681,1363,276,19,155,656,466,1070,104,52,0.248,0.311,0.39,0.701,6089,52,42,37,125,1678,1.15,2142,28,0.281,35.41
2010,14,,Detroit Tigers,AL,162,5643,751,1515,308,32,152,717,546,1147,69,30,0.268,0.335,0.415,0.75,6312,41,41,41,118,1496,0.95,2343,50,0.311,37.12
2010,14,,Florida Marlins,NL,162,5531,719,1403,294,37,152,686,514,1375,92,26,0.254,0.321,0.403,0.724,6194,55,51,43,107,1483,1.09,2227,42,0.309,36.39
2010,16,,St. Louis Cardinals,NL,162,5542,736,1456,285,18,150,689,541,1027,79,41,0.263,0.332,0.402,0.734,6241,50,66,40,124,1658,1.1,2227,78,0.296,36.95
2010,17,,Chicago Cubs,NL,162,5512,685,1414,298,27,149,658,479,1236,55,31,0.257,0.32,0.401,0.721,6140,50,60,38,124,1548,1.1,2213,32,0.304,36.99
2010,17,,Washington Nationals,NL,162,5418,655,1355,250,31,149,634,503,1220,110,41,0.25,0.318,0.39,0.708,6100,60,71,47,125,1638,1.24,2114,36,0.294,36.36
2010,19,,Minnesota Twins,AL,162,5568,781,1521,318,41,142,749,559,967,68,28,0.273,0.341,0.422,0.763,6257,39,38,53,159,1720,1.19,2347,45,0.306,39.21
2010,20,,Atlanta Braves,NL,162,5463,738,1411,312,25,139,699,634,1140,63,29,0.258,0.339,0.401,0.74,6252,51,69,35,136,1571,1.09,2190,50,0.301,39.3
2010,21,,Baltimore Orioles,AL,162,5554,613,1440,264,21,133,577,424,1056,76,34,0.259,0.316,0.386,0.702,6109,54,31,45,154,1631,1.09,2145,32,0.296,41.76
2010,22,,San Diego Padres,NL,162,5434,665,1338,236,24,132,630,538,1183,124,50,0.246,0.317,0.371,0.688,6148,50,79,46,106,1621,1.14,2018,67,0.29,41.17
2010,23,,Cleveland Indians,AL,162,5487,646,1362,290,20,128,601,545,1184,91,33,0.248,0.322,0.378,0.7,6165,64,36,33,118,1533,1.04,2076,34,0.293,42.87
2010,23,,New York Mets,NL,162,5465,656,1361,266,40,128,625,502,1095,130,44,0.249,0.314,0.383,0.697,6144,46,74,57,101,1546,0.97,2091,53,0.287,42.7
2010,25,,Pittsburgh Pirates,NL,162,5386,587,1303,276,27,126,570,463,1207,87,36,0.242,0.304,0.373,0.677,5974,33,58,33,119,1567,1.12,2011,28,0.288,42.75
2010,26,,Kansas City Royals,AL,162,5604,676,1534,279,31,121,640,471,905,115,50,0.274,0.331,0.399,0.73,6209,35,45,53,152,1662,1.04,2238,25,0.305,46.31
2010,27,,Los Angeles Dodgers,NL,162,5426,667,1368,270,29,120,621,533,1184,92,50,0.252,0.322,0.379,0.701,6140,46,85,50,123,1609,1.15,2056,57,0.299,45.22
2010,28,,Oakland Athletics,AL,162,5448,663,1396,276,30,109,619,527,1061,156,38,0.256,0.324,0.378,0.702,6117,47,43,51,129,1476,0.92,2059,16,0.297,49.98
2010,29,,Houston Astros,NL,162,5452,611,1348,252,25,108,577,415,1025,100,36,0.247,0.303,0.362,0.665,6005,33,75,29,130,1743,1.21,1974,27,0.285,50.48
2010,30,,Seattle Mariners,AL,162,5409,513,1274,227,16,101,485,459,1184,142,39,0.236,0.298,0.339,0.637,5989,39,42,40,110,1540,1.03,1836,33,0.282,53.55
2011,1,,New York Yankees,AL,162,5518,867,1452,267,33,222,836,627,1138,147,46,0.263,0.343,0.444,0.787,6306,74,36,51,146,1594,1.12,2451,34,0.292,24.86
2011,2,,Texas Rangers,AL,162,5659,855,1599,310,32,210,807,475,930,143,45,0.283,0.34,0.46,0.8,6261,39,39,49,135,1719,1.15,2603,35,0.304,26.95
2011,3,,Boston Red Sox,AL,162,5710,875,1600,352,35,203,842,578,1108,102,42,0.28,0.349,0.461,0.81,6414,50,22,50,136,1527,0.99,2631,52,0.314,28.13
2011,4,,Baltimore Orioles,AL,162,5585,708,1434,273,13,191,684,452,1120,81,25,0.257,0.316,0.413,0.729,6156,52,24,43,154,1559,1.01,2306,24,0.288,29.24
2011,5,,Toronto Blue Jays,AL,162,5559,743,1384,285,34,186,704,525,1184,131,52,0.249,0.317,0.413,0.73,6210,48,31,47,108,1449,0.89,2295,41,0.283,29.89
2011,6,,Milwaukee Brewers,NL,162,5447,721,1422,276,31,185,693,481,1083,94,31,0.261,0.325,0.425,0.75,6113,56,85,44,114,1637,1.14,2315,53,0.293,29.44
2011,7,,Cincinnati Reds,NL,162,5612,735,1438,264,19,183,697,535,1250,97,50,0.256,0.326,0.408,0.734,6329,63,78,40,98,1563,1.06,2289,52,0.297,30.67
2011,8,,Atlanta Braves,NL,162,5528,641,1345,244,16,173,606,504,1260,77,44,0.243,0.308,0.387,0.695,6169,28,75,30,113,1616,1.14,2140,45,0.284,31.95
2011,9,,Arizona Diamondbacks,NL,162,5421,731,1357,293,37,172,702,531,1249,133,55,0.25,0.322,0.413,0.735,6096,61,50,33,82,1395,0.93,2240,55,0.294,31.52
2011,9,,Tampa Bay Rays,AL,162,5436,707,1324,273,37,172,674,571,1193,155,62,0.244,0.322,0.402,0.724,6152,73,37,35,101,1486,0.99,2187,31,0.281,31.6
2011,11,,Detroit Tigers,AL,162,5563,787,1540,297,34,169,750,521,1143,49,20,0.277,0.34,0.434,0.774,6231,39,50,58,142,1428,0.92,2412,47,0.318,32.92
2011,12,,Colorado Rockies,NL,162,5544,735,1429,274,40,163,697,555,1201,118,42,0.258,0.329,0.41,0.739,6275,57,75,44,112,1614,1.14,2272,54,0.3,34.01
2011,13,,St. Louis Cardinals,NL,162,5532,762,1513,308,22,162,726,542,978,57,39,0.273,0.341,0.425,0.766,6242,44,84,40,169,1745,1.23,2351,64,0.305,34.15
2011,14,,Los Angeles Angels,AL,162,5513,667,1394,289,34,155,629,442,1086,135,52,0.253,0.313,0.402,0.715,6088,51,50,32,126,1595,1.05,2216,33,0.288,35.57
2011,15,,Chicago White Sox,AL,162,5502,654,1387,252,16,154,625,475,989,81,53,0.252,0.319,0.388,0.707,6159,84,52,46,125,1602,0.99,2133,31,0.28,35.73
2011,15,,Cleveland Indians,AL,162,5509,704,1380,290,26,154,671,494,1269,89,42,0.25,0.317,0.396,0.713,6142,65,31,43,111,1545,1.11,2184,30,0.297,35.77
2011,15,,Washington Nationals,NL,161,5441,624,1319,257,22,154,594,470,1323,106,38,0.242,0.309,0.383,0.692,6090,65,82,32,103,1587,1.2,2082,40,0.292,35.33
2011,18,,Philadelphia Phillies,NL,162,5579,713,1409,258,38,153,693,539,1024,96,24,0.253,0.323,0.395,0.718,6279,56,65,38,108,1693,1.09,2202,52,0.283,36.46
2011,19,,Florida Marlins,NL,162,5508,625,1358,274,30,149,596,542,1244,95,41,0.247,0.318,0.388,0.706,6232,51,89,42,111,1586,1.09,2139,38,0.291,36.97
2011,20,,Chicago Cubs,NL,162,5549,654,1423,285,36,148,610,425,1202,69,23,0.256,0.314,0.401,0.715,6130,59,60,35,123,1566,1.08,2224,35,0.301,37.49
2011,21,,Kansas City Royals,AL,162,5672,730,1560,325,41,129,705,442,1006,153,58,0.275,0.329,0.415,0.744,6267,39,55,57,121,1671,1.08,2354,37,0.311,43.97
2011,22,,San Francisco Giants,NL,162,5486,570,1327,282,24,121,534,448,1122,85,51,0.242,0.303,0.368,0.671,6091,52,62,43,117,1604,1.04,2020,47,0.281,45.34
2011,23,,Los Angeles Dodgers,NL,161,5436,644,1395,237,28,117,613,498,1087,126,40,0.257,0.322,0.375,0.697,6094,45,71,43,101,1605,1.1,2039,61,0.299,46.46
2011,24,,Oakland Athletics,AL,162,5452,645,1330,280,29,114,612,509,1094,117,43,0.244,0.311,0.369,0.68,6104,50,34,57,119,1469,0.89,2010,20,0.283,47.82
2011,25,,Seattle Mariners,AL,162,5421,556,1263,253,22,109,534,435,1280,125,40,0.233,0.292,0.348,0.64,5972,37,38,41,82,1498,1.03,1887,33,0.283,49.73
2011,26,,New York Mets,NL,162,5600,718,1477,309,39,108,676,571,1085,130,35,0.264,0.335,0.391,0.726,6335,51,65,48,112,1545,0.96,2188,56,0.307,51.85
2011,27,,Pittsburgh Pirates,NL,162,5421,610,1325,277,35,107,580,489,1308,108,52,0.244,0.309,0.368,0.677,6064,34,75,44,123,1525,1.1,1993,31,0.301,50.66
2011,28,,Minnesota Twins,AL,162,5487,619,1357,259,25,103,572,440,1048,92,39,0.247,0.306,0.36,0.666,6020,37,31,25,115,1699,1.18,1975,24,0.288,53.27
2011,29,,Houston Astros,NL,162,5598,615,1442,309,28,95,579,401,1164,118,33,0.258,0.311,0.374,0.685,6150,46,66,37,111,1621,1.1,2092,34,0.308,58.93
2011,30,,San Diego Padres,NL,162,5417,593,1284,247,42,91,563,501,1320,170,44,0.237,0.305,0.349,0.654,6074,48,55,47,105,1554,1.14,1888,42,0.294,59.53
2012,1,,New York Yankees,AL,162,5524,804,1462,280,13,245,774,565,1176,93,27,0.265,0.337,0.453,0.79,6231,62,31,49,136,1588,1.15,2503,31,0.293,22.55
2012,2,,Baltimore Orioles,AL,162,5560,712,1375,270,16,214,677,480,1315,58,29,0.247,0.311,0.417,0.728,6160,50,38,30,152,1516,1.07,2319,24,0.286,25.98
2012,3,,Chicago White Sox,AL,162,5518,748,1409,228,29,211,726,461,1203,109,43,0.255,0.318,0.422,0.74,6111,65,31,36,112,1456,0.96,2328,24,0.289,26.15
2012,4,,Milwaukee Brewers,NL,162,5557,776,1442,300,39,202,741,466,1240,158,39,0.259,0.325,0.437,0.762,6224,90,76,35,111,1553,1.08,2426,35,0.299,27.51
2012,5,,Texas Rangers,AL,162,5590,808,1526,303,32,200,780,478,1103,91,44,0.273,0.334,0.446,0.78,6216,57,36,53,121,1569,1.06,2493,44,0.306,27.95
2012,6,,Toronto Blue Jays,AL,162,5487,716,1346,247,22,198,677,473,1251,123,41,0.245,0.309,0.407,0.716,6094,55,33,45,109,1477,0.99,2231,29,0.281,27.71
2012,7,,Oakland Athletics,AL,162,5527,713,1315,267,32,195,676,550,1387,122,32,0.238,0.31,0.404,0.714,6183,45,27,34,97,1319,0.84,2231,29,0.281,28.34
2012,8,,Washington Nationals,NL,162,5615,731,1468,301,25,194,688,479,1325,105,35,0.261,0.322,0.428,0.75,6221,41,50,36,110,1539,1.12,2401,43,0.308,28.94
2012,9,,Los Angeles Angels,AL,162,5536,767,1518,273,22,187,732,449,1113,134,33,0.274,0.332,0.433,0.765,6121,47,47,41,138,1649,1.23,2396,29,0.311,29.6
2012,10,,Tampa Bay Rays,AL,162,5398,697,1293,250,30,175,665,571,1323,134,44,0.24,0.317,0.394,0.711,6105,58,34,42,133,1405,0.97,2128,26,0.284,30.85
2012,11,,Cincinnati Reds,NL,162,5477,669,1377,296,30,172,636,481,1266,87,27,0.251,0.315,0.411,0.726,6115,47,73,37,100,1496,1.03,2249,54,0.296,31.84
2012,12,,Pittsburgh Pirates,NL,162,5412,651,1313,241,37,170,620,444,1354,73,52,0.243,0.304,0.395,0.699,6014,51,62,45,98,1489,1.09,2138,32,0.291,31.84
2012,13,,Colorado Rockies,NL,162,5577,758,1526,306,52,166,716,450,1213,100,40,0.274,0.33,0.436,0.766,6183,36,74,39,132,1625,1.23,2434,34,0.321,33.6
2012,14,,Arizona Diamondbacks,NL,162,5462,734,1416,307,33,165,710,539,1266,93,51,0.259,0.328,0.418,0.746,6150,41,61,45,108,1442,1.0,2284,47,0.307,33.1
2012,14,,Boston Red Sox,AL,162,5604,734,1459,339,16,165,695,428,1197,97,31,0.26,0.315,0.415,0.73,6166,45,34,55,105,1503,0.98,2325,27,0.301,33.96
2012,16,,Detroit Tigers,AL,162,5476,726,1467,279,39,163,698,511,1103,59,23,0.268,0.335,0.422,0.757,6119,57,36,39,156,1505,1.02,2313,46,0.307,33.6
2012,17,,St. Louis Cardinals,NL,162,5622,765,1526,290,37,159,732,533,1192,91,37,0.271,0.338,0.421,0.759,6326,53,69,49,135,1625,1.16,2367,45,0.316,35.36
2012,18,,Philadelphia Phillies,NL,162,5544,684,1414,271,28,158,659,454,1094,116,23,0.255,0.317,0.4,0.717,6172,63,72,39,114,1732,1.22,2215,41,0.29,35.09
2012,19,,Atlanta Braves,NL,162,5425,700,1341,263,30,149,660,567,1289,101,32,0.247,0.32,0.389,0.709,6126,34,53,46,108,1523,1.11,2111,37,0.296,36.41
2012,19,,Seattle Mariners,AL,162,5494,619,1285,241,27,149,584,466,1259,104,35,0.234,0.296,0.369,0.665,6057,30,32,35,95,1469,0.95,2027,21,0.276,36.87
2012,21,,Houston Astros,NL,162,5407,583,1276,238,28,146,545,463,1365,105,46,0.236,0.302,0.371,0.673,6014,58,54,30,114,1499,1.11,2008,19,0.288,37.03
2012,22,,New York Mets,NL,162,5450,650,1357,286,21,139,625,503,1250,79,38,0.249,0.316,0.386,0.702,6091,42,64,30,118,1568,1.15,2102,43,0.298,39.21
2012,23,,Chicago Cubs,NL,162,5411,613,1297,265,36,137,570,447,1235,94,45,0.24,0.302,0.378,0.68,5967,43,42,24,125,1592,1.18,2045,29,0.286,39.5
2012,23,,Miami Marlins,NL,162,5437,609,1327,261,39,137,576,484,1228,149,41,0.244,0.308,0.382,0.69,6057,35,60,40,114,1548,1.08,2077,46,0.289,39.69
2012,25,,Cleveland Indians,AL,162,5525,667,1385,266,24,136,635,555,1087,110,44,0.251,0.324,0.381,0.705,6195,59,17,39,141,1653,1.14,2107,28,0.288,40.62
2012,26,,Kansas City Royals,AL,162,5636,676,1492,295,37,131,643,404,1032,132,38,0.265,0.317,0.4,0.717,6149,42,26,41,130,1687,1.13,2254,35,0.302,43.02
2012,26,,Minnesota Twins,AL,162,5562,701,1448,270,30,131,666,505,1069,135,37,0.26,0.325,0.39,0.715,6209,53,33,56,149,1736,1.24,2171,28,0.298,42.46
2012,28,,San Diego Padres,NL,162,5422,651,1339,272,43,121,610,539,1238,155,46,0.247,0.319,0.38,0.699,6112,54,63,34,100,1644,1.27,2060,36,0.297,44.81
2012,29,,Los Angeles Dodgers,NL,162,5438,637,1369,269,23,116,607,481,1156,104,44,0.252,0.317,0.374,0.691,6091,52,82,38,139,1640,1.18,2032,49,0.298,46.88
2012,30,,San Francisco Giants,NL,162,5558,718,1495,287,57,103,675,483,1097,118,39,0.269,0.327,0.397,0.724,6200,29,69,61,114,1681,1.19,2205,44,0.315,53.96
2013,1,,Baltimore Orioles,AL,162,5620,745,1460,298,14,212,719,416,1125,79,29,0.26,0.313,0.431,0.744,6144,36,27,45,105,1550,1.0,2422,36,0.288,26.51
2013,2,,Seattle Mariners,AL,162,5558,624,1318,249,17,188,597,529,1353,49,23,0.237,0.306,0.39,0.696,6172,31,26,28,122,1444,0.96,2165,21,0.279,29.56
2013,3,,Oakland Athletics,AL,162,5521,767,1403,301,25,186,725,573,1178,74,28,0.254,0.327,0.419,0.746,6209,45,21,49,108,1280,0.74,2312,29,0.289,29.68
2013,4,,Toronto Blue Jays,AL,162,5537,712,1398,273,24,185,669,510,1123,112,41,0.252,0.318,0.411,0.729,6152,38,29,38,133,1568,1.03,2274,19,0.284,29.93
2013,5,,Atlanta Braves,NL,162,5441,688,1354,247,21,181,656,542,1384,64,31,0.249,0.321,0.402,0.723,6133,55,58,35,119,1450,1.08,2186,36,0.3,30.06
2013,6,,Boston Red Sox,AL,162,5651,853,1566,363,29,178,819,581,1308,123,19,0.277,0.349,0.446,0.795,6382,72,24,50,137,1397,0.96,2521,51,0.329,31.75
2013,7,,Detroit Tigers,AL,162,5735,796,1625,292,23,176,767,531,1073,35,20,0.283,0.346,0.434,0.78,6388,43,32,47,146,1582,1.03,2491,40,0.32,32.58
2013,7,,Texas Rangers,AL,163,5585,730,1465,262,23,176,691,462,1067,149,46,0.262,0.323,0.412,0.735,6196,61,45,42,124,1605,1.05,2301,26,0.294,31.73
2013,9,,Chicago Cubs,NL,162,5498,602,1307,297,18,172,576,439,1230,63,32,0.238,0.3,0.392,0.692,6079,67,43,30,120,1547,1.04,2156,28,0.275,31.96
2013,10,,Cleveland Indians,AL,162,5465,745,1391,290,23,171,711,562,1283,117,36,0.255,0.327,0.41,0.737,6165,51,31,56,106,1466,1.04,2240,19,0.3,31.96
2013,11,,Tampa Bay Rays,AL,163,5538,700,1421,296,23,165,670,589,1171,73,38,0.257,0.329,0.408,0.737,6242,36,24,55,140,1532,1.03,2258,31,0.295,33.56
2013,12,,Los Angeles Angels,AL,162,5588,733,1476,270,39,164,696,523,1221,82,34,0.264,0.329,0.414,0.743,6260,48,37,64,150,1577,1.11,2316,40,0.307,34.07
2013,13,,Pittsburgh Pirates,NL,162,5486,634,1346,273,35,161,603,469,1330,94,42,0.245,0.313,0.396,0.709,6135,88,62,29,120,1545,1.14,2172,41,0.294,34.08
2013,13,,Washington Nationals,NL,162,5436,656,1365,259,27,161,621,464,1192,88,28,0.251,0.313,0.398,0.711,6047,40,68,39,115,1588,1.14,2161,35,0.292,33.76
2013,15,,Colorado Rockies,NL,162,5599,706,1511,283,36,159,673,427,1204,112,32,0.27,0.323,0.418,0.741,6152,26,65,35,111,1613,1.18,2343,26,0.317,35.21
2013,16,,Milwaukee Brewers,NL,162,5474,640,1381,238,43,157,610,407,1183,142,50,0.252,0.311,0.398,0.709,6064,71,77,35,116,1645,1.19,2176,22,0.294,34.87
2013,17,,Cincinnati Reds,NL,162,5499,698,1370,274,20,155,664,585,1245,67,35,0.249,0.327,0.391,0.718,6293,76,85,46,129,1625,1.17,2149,65,0.293,35.48
2013,18,,Minnesota Twins,AL,162,5564,614,1346,285,15,151,590,533,1430,52,33,0.242,0.312,0.38,0.692,6212,52,29,32,103,1427,1.0,2114,20,0.298,36.85
2013,19,,Chicago White Sox,AL,162,5563,598,1385,237,19,148,574,411,1207,105,42,0.249,0.302,0.378,0.68,6077,34,19,48,124,1428,0.89,2104,23,0.291,37.59
2013,19,,Houston Astros,AL,162,5457,610,1307,266,16,148,566,426,1535,110,61,0.24,0.299,0.375,0.674,6020,52,46,38,110,1458,1.17,2049,17,0.304,36.87
2013,21,,San Diego Padres,NL,162,5517,618,1349,246,26,146,578,467,1309,118,34,0.245,0.308,0.378,0.686,6122,52,52,34,99,1615,1.21,2085,36,0.294,37.79
2013,22,,New York Yankees,AL,162,5449,650,1321,247,24,144,614,466,1214,115,31,0.242,0.307,0.376,0.683,6045,57,36,36,121,1497,1.0,2048,33,0.285,37.84
2013,23,,Philadelphia Phillies,NL,162,5456,610,1355,255,32,140,578,417,1205,73,29,0.248,0.306,0.384,0.69,6014,53,57,31,131,1575,1.12,2094,41,0.293,38.97
2013,24,,Los Angeles Dodgers,NL,162,5491,649,1447,281,17,138,618,476,1146,78,28,0.264,0.326,0.396,0.722,6145,57,71,48,130,1526,1.02,2176,45,0.308,39.79
2013,25,,Arizona Diamondbacks,NL,162,5676,685,1468,302,31,130,647,519,1142,62,41,0.259,0.323,0.391,0.714,6334,43,50,43,160,1727,1.21,2222,51,0.301,43.66
2013,25,,New York Mets,NL,162,5559,619,1318,263,32,130,593,512,1384,114,35,0.237,0.306,0.366,0.672,6207,51,53,32,106,1485,1.02,2035,40,0.291,42.76
2013,27,,St. Louis Cardinals,NL,162,5557,783,1494,322,20,125,745,481,1110,45,22,0.269,0.332,0.401,0.733,6202,64,56,44,154,1620,1.13,2231,38,0.314,44.46
2013,28,,Kansas City Royals,AL,162,5549,648,1443,254,34,112,620,422,1048,153,32,0.26,0.315,0.379,0.694,6093,42,37,42,131,1661,1.13,2101,38,0.3,49.54
2013,29,,San Francisco Giants,NL,162,5552,629,1446,280,35,107,596,469,1078,67,26,0.26,0.32,0.381,0.701,6168,39,66,42,131,1665,1.13,2117,40,0.304,51.89
2013,30,,Miami Marlins,NL,162,5449,513,1257,219,31,95,485,432,1232,78,29,0.231,0.293,0.335,0.628,6021,56,57,26,131,1698,1.26,1823,31,0.28,57.36
2014,1,,Baltimore Orioles,AL,162,5596,705,1434,264,16,211,681,401,1285,44,20,0.256,0.311,0.422,0.733,6130,62,35,36,112,1473,1.0,2363,29,0.296,26.52
2014,2,,Colorado Rockies,NL,162,5612,755,1551,307,41,186,721,397,1281,85,48,0.276,0.327,0.445,0.772,6164,48,59,48,121,1548,1.16,2498,39,0.326,30.17
2014,3,,Toronto Blue Jays,AL,162,5549,723,1435,282,24,177,690,502,1151,78,21,0.259,0.323,0.414,0.737,6167,41,35,40,128,1539,1.03,2296,27,0.295,31.35
2014,4,,Houston Astros,AL,162,5447,629,1317,240,19,163,596,495,1442,122,37,0.242,0.309,0.383,0.692,6055,55,22,36,122,1348,0.96,2084,27,0.298,33.42
2014,5,,Chicago Cubs,NL,162,5508,614,1315,270,31,157,590,442,1477,65,40,0.239,0.3,0.385,0.685,6102,54,57,41,94,1404,1.0,2118,29,0.296,35.08
2014,6,,Pittsburgh Pirates,NL,162,5536,682,1436,275,30,156,659,520,1244,104,47,0.259,0.33,0.404,0.734,6224,78,54,35,127,1519,1.07,2239,46,0.307,35.49
2014,7,,Chicago White Sox,AL,162,5543,660,1400,279,32,155,625,417,1362,85,36,0.253,0.31,0.398,0.708,6077,60,19,38,127,1503,1.13,2208,33,0.306,35.76
2014,7,,Detroit Tigers,AL,162,5630,757,1557,325,26,155,731,443,1144,106,41,0.277,0.331,0.426,0.757,6202,44,24,61,137,1462,0.94,2399,51,0.319,36.32
2014,7,,Los Angeles Angels,AL,162,5652,773,1464,304,31,155,729,492,1266,81,39,0.259,0.322,0.406,0.728,6285,60,26,54,112,1564,1.09,2295,42,0.305,36.46
2014,10,,Washington Nationals,NL,162,5542,686,1403,265,27,152,635,517,1304,101,23,0.253,0.321,0.393,0.714,6216,56,60,41,115,1537,1.1,2178,29,0.303,36.46
2014,11,,Milwaukee Brewers,NL,162,5462,650,1366,297,28,150,617,423,1197,102,43,0.25,0.311,0.397,0.708,6065,73,70,37,135,1547,1.06,2169,32,0.293,36.41
2014,12,,New York Yankees,AL,162,5497,633,1349,247,26,147,591,452,1133,112,26,0.245,0.307,0.38,0.687,6082,56,29,47,111,1541,0.99,2089,16,0.282,37.4
2014,13,,Oakland Athletics,AL,162,5545,729,1354,253,33,146,686,586,1104,83,20,0.244,0.32,0.381,0.701,6245,49,19,43,118,1358,0.76,2111,34,0.278,37.98
2014,14,,Cleveland Indians,AL,162,5575,669,1411,284,23,142,644,504,1189,104,27,0.253,0.317,0.389,0.706,6222,42,51,49,126,1538,1.0,2167,24,0.296,39.26
2014,15,,Seattle Mariners,AL,162,5450,634,1328,247,32,136,600,396,1232,96,42,0.244,0.3,0.376,0.676,5977,60,35,34,112,1514,1.05,2047,33,0.29,40.07
2014,16,,Los Angeles Dodgers,NL,162,5560,718,1476,302,38,134,686,519,1246,138,50,0.265,0.333,0.406,0.739,6231,61,47,43,119,1632,1.26,2256,30,0.318,41.49
2014,17,,San Francisco Giants,NL,162,5523,665,1407,257,42,132,636,427,1245,56,27,0.255,0.311,0.388,0.699,6087,43,45,49,113,1496,1.02,2144,37,0.304,41.84
2014,18,,Cincinnati Reds,NL,162,5395,595,1282,254,20,131,562,415,1252,122,52,0.238,0.296,0.365,0.661,5978,52,76,37,88,1522,1.05,1969,22,0.284,41.18
2014,19,,Minnesota Twins,AL,162,5567,715,1412,316,27,128,675,544,1329,99,36,0.254,0.324,0.389,0.713,6233,53,25,44,97,1446,1.0,2166,29,0.309,43.49
2014,20,,New York Mets,NL,162,5472,629,1306,275,19,125,602,516,1264,101,34,0.239,0.308,0.364,0.672,6145,54,59,44,112,1465,0.95,1994,42,0.286,43.78
2014,20,,Philadelphia Phillies,NL,162,5603,619,1356,251,27,125,584,443,1306,109,26,0.242,0.302,0.363,0.665,6198,55,59,37,94,1635,1.17,2036,42,0.292,44.82
2014,22,,Atlanta Braves,NL,162,5468,573,1316,240,22,123,545,472,1369,95,33,0.241,0.305,0.36,0.665,6064,43,53,27,121,1520,1.13,1969,31,0.298,44.46
2014,22,,Boston Red Sox,AL,162,5551,634,1355,282,20,123,601,535,1337,63,25,0.244,0.316,0.369,0.685,6226,68,20,52,138,1481,1.02,2046,36,0.297,45.13
2014,24,,Miami Marlins,NL,162,5538,645,1399,254,36,122,614,501,1419,58,21,0.253,0.317,0.378,0.695,6185,35,71,39,143,1592,1.29,2091,49,0.316,45.39
2014,25,,Arizona Diamondbacks,NL,162,5552,615,1379,259,47,118,573,398,1165,86,33,0.248,0.302,0.376,0.678,6089,43,56,36,115,1683,1.19,2086,31,0.293,47.05
2014,26,,Tampa Bay Rays,AL,162,5516,612,1361,263,24,117,586,527,1124,63,27,0.247,0.317,0.367,0.684,6205,66,43,53,135,1609,1.06,2023,31,0.287,47.14
2014,27,,Texas Rangers,AL,162,5460,637,1400,260,28,111,597,417,1162,105,59,0.256,0.314,0.375,0.689,6026,61,41,45,148,1618,1.18,2049,37,0.305,49.19
2014,28,,San Diego Padres,NL,162,5294,535,1199,224,30,109,500,468,1294,91,34,0.226,0.292,0.342,0.634,5905,41,56,45,118,1618,1.26,1810,27,0.277,48.57
2014,29,,St. Louis Cardinals,NL,162,5426,619,1371,275,21,105,585,471,1133,57,32,0.253,0.32,0.369,0.689,6086,86,64,39,140,1611,1.14,2003,28,0.3,51.68
2014,30,,Kansas City Royals,AL,162,5545,651,1456,286,29,95,604,380,985,153,36,0.263,0.314,0.376,0.69,6058,53,33,47,131,1680,1.12,2085,22,0.302,58.37
2015,1,,Toronto Blue Jays,AL,162,5509,891,1480,308,17,232,852,570,1151,88,23,0.269,0.34,0.457,0.797,6232,54,36,62,140,1582,1.13,2518,12,0.298,23.75
2015,2,,Houston Astros,AL,162,5459,729,1363,278,26,230,691,486,1392,121,48,0.25,0.315,0.437,0.752,6073,56,28,43,102,1337,0.93,2383,22,0.292,23.74
2015,3,,Baltimore Orioles,AL,162,5485,713,1370,246,20,217,686,418,1331,44,25,0.25,0.307,0.421,0.728,6007,51,20,32,127,1434,1.02,2307,23,0.291,25.28
2015,4,,New York Yankees,AL,162,5567,764,1397,272,19,212,737,554,1227,63,25,0.251,0.323,0.421,0.744,6268,63,24,54,105,1453,0.93,2343,23,0.283,26.26
2015,5,,Seattle Mariners,AL,162,5544,656,1379,262,22,198,624,478,1336,69,45,0.249,0.311,0.411,0.722,6131,36,38,35,123,1484,1.05,2279,31,0.292,28.0
2015,6,,Los Angeles Dodgers,NL,162,5385,667,1346,263,26,187,638,563,1258,59,34,0.25,0.326,0.413,0.739,6090,60,49,30,135,1495,1.1,2222,31,0.292,28.8
2015,7,,Colorado Rockies,NL,162,5572,737,1479,274,49,186,702,388,1283,97,43,0.265,0.315,0.432,0.747,6071,33,44,34,114,1514,1.1,2409,47,0.313,29.96
2015,8,,New York Mets,NL,162,5527,683,1351,295,17,177,654,488,1290,51,25,0.244,0.312,0.4,0.712,6145,68,29,32,130,1410,0.92,2211,42,0.287,31.23
2015,8,,Washington Nationals,NL,162,5428,703,1363,265,13,177,665,539,1344,57,23,0.251,0.321,0.403,0.724,6117,44,55,51,129,1575,1.26,2185,38,0.3,30.67
2015,10,,Los Angeles Angels,AL,162,5417,661,1331,243,21,176,621,435,1150,52,34,0.246,0.307,0.396,0.703,5990,58,37,40,116,1560,1.07,2144,34,0.28,30.78
2015,11,,Texas Rangers,AL,162,5511,751,1419,279,32,172,707,503,1233,101,39,0.257,0.325,0.413,0.738,6187,76,43,54,99,1549,1.1,2278,32,0.3,32.04
2015,12,,Chicago Cubs,NL,162,5491,689,1341,272,30,171,657,567,1518,95,37,0.244,0.321,0.398,0.719,6200,74,32,35,101,1361,1.02,2186,47,0.305,32.11
2015,13,,Cincinnati Reds,NL,162,5571,640,1382,257,27,167,613,496,1255,134,38,0.248,0.312,0.394,0.706,6196,42,47,40,112,1528,1.02,2194,38,0.29,33.36
2015,13,,Tampa Bay Rays,AL,162,5485,644,1383,278,32,167,612,436,1310,87,45,0.252,0.314,0.406,0.72,6071,84,19,47,121,1389,0.95,2226,22,0.3,32.84
2015,15,,Boston Red Sox,AL,162,5640,748,1495,294,33,161,706,478,1148,71,27,0.265,0.325,0.415,0.74,6237,46,30,42,127,1629,1.13,2338,28,0.305,35.03
2015,16,,Minnesota Twins,AL,162,5467,696,1349,277,44,156,661,439,1264,70,38,0.247,0.305,0.399,0.704,6017,40,30,41,133,1501,1.05,2182,31,0.292,35.04
2015,17,,Arizona Diamondbacks,NL,162,5649,720,1494,289,48,154,680,490,1312,132,44,0.264,0.324,0.414,0.738,6276,33,46,57,134,1625,1.23,2341,40,0.316,36.68
2015,18,,Detroit Tigers,AL,161,5605,689,1515,289,49,151,660,455,1259,83,51,0.27,0.328,0.42,0.748,6159,41,23,35,152,1429,0.98,2355,36,0.322,37.12
2015,19,,San Diego Padres,NL,162,5457,650,1324,260,36,148,623,426,1327,82,29,0.243,0.3,0.385,0.685,6019,40,52,42,108,1489,1.06,2100,22,0.292,36.87
2015,20,,Oakland Athletics,AL,162,5600,694,1405,277,46,146,661,475,1119,78,29,0.251,0.312,0.395,0.707,6171,40,14,38,124,1580,1.02,2212,21,0.288,38.36
2015,21,,Milwaukee Brewers,NL,162,5480,655,1378,274,34,145,624,412,1299,84,29,0.251,0.307,0.393,0.7,6024,41,55,34,130,1600,1.24,2155,35,0.303,37.79
2015,22,,Cleveland Indians,AL,161,5439,669,1395,303,29,141,640,533,1157,86,28,0.256,0.325,0.401,0.726,6109,39,47,50,134,1541,1.07,2179,34,0.299,38.57
2015,23,,Pittsburgh Pirates,NL,162,5631,697,1462,292,27,140,661,461,1322,98,45,0.26,0.323,0.396,0.719,6285,89,63,41,115,1624,1.22,2228,46,0.314,40.22
2015,24,,Kansas City Royals,AL,162,5575,724,1497,300,42,139,689,383,973,104,34,0.269,0.322,0.412,0.734,6116,77,34,47,133,1626,1.04,2298,28,0.301,40.11
2015,25,,St. Louis Cardinals,NL,162,5484,647,1386,288,39,137,619,506,1267,69,38,0.253,0.321,0.394,0.715,6139,66,39,42,128,1549,1.14,2163,47,0.303,40.03
2015,26,,Chicago White Sox,AL,162,5533,622,1381,260,27,136,595,404,1231,68,42,0.25,0.306,0.38,0.686,6070,65,30,37,125,1682,1.29,2103,22,0.296,40.68
2015,26,,San Francisco Giants,NL,162,5565,696,1486,288,39,136,663,457,1159,93,36,0.267,0.326,0.406,0.732,6153,49,45,37,142,1688,1.28,2260,30,0.313,40.92
2015,28,,Philadelphia Phillies,NL,162,5529,626,1374,272,37,130,586,387,1274,88,32,0.249,0.303,0.382,0.685,6053,54,53,29,119,1575,1.13,2110,20,0.299,42.53
2015,29,,Miami Marlins,NL,162,5463,613,1420,236,40,120,575,375,1150,112,45,0.26,0.31,0.384,0.694,5988,39,71,40,133,1788,1.47,2096,30,0.307,45.52
2015,30,,Atlanta Braves,NL,162,5420,573,1361,251,18,100,548,471,1107,69,33,0.251,0.314,0.359,0.673,6034,44,67,31,148,1754,1.35,1948,39,0.297,54.2
2016,1,,Baltimore Orioles,AL,162,5524,744,1413,265,6,253,710,468,1324,19,13,0.256,0.317,0.443,0.76,6089,44,17,36,119,1372,0.93,2449,19,0.291,21.83
2016,2,,St. Louis Cardinals,NL,162,5548,779,1415,299,32,225,745,526,1318,35,26,0.255,0.325,0.442,0.767,6223,70,37,41,117,1446,1.0,2453,28,0.294,24.66
2016,3,,Seattle Mariners,AL,162,5583,768,1446,251,17,223,735,506,1288,56,28,0.259,0.326,0.43,0.756,6227,72,24,41,138,1580,1.18,2400,29,0.297,25.04
2016,4,,Toronto Blue Jays,AL,162,5479,759,1358,276,18,221,728,632,1362,54,24,0.248,0.33,0.426,0.756,6233,55,26,40,153,1425,1.02,2333,16,0.289,24.79
2016,5,,New York Mets,NL,162,5459,671,1342,240,19,218,649,517,1302,42,18,0.246,0.316,0.417,0.733,6115,62,35,41,123,1352,0.88,2274,43,0.282,25.04
2016,6,,Tampa Bay Rays,AL,162,5481,672,1333,288,32,216,647,449,1482,60,37,0.243,0.307,0.426,0.733,6046,69,18,28,88,1270,0.88,2333,20,0.293,25.38
2016,7,,Texas Rangers,AL,162,5525,765,1446,257,23,215,746,436,1220,99,36,0.262,0.322,0.433,0.755,6089,70,18,40,114,1490,1.04,2394,23,0.298,25.7
2016,8,,Detroit Tigers,AL,161,5526,750,1476,252,30,211,719,493,1303,58,29,0.267,0.331,0.438,0.769,6127,53,17,38,135,1359,0.94,2421,32,0.312,26.19
2016,9,,Boston Red Sox,AL,162,5670,878,1598,343,25,208,836,558,1160,83,24,0.282,0.348,0.461,0.809,6320,43,8,40,137,1500,1.03,2615,34,0.32,27.26
2016,10,,Colorado Rockies,NL,162,5614,845,1544,318,47,204,805,494,1330,66,39,0.275,0.336,0.457,0.793,6236,40,54,34,113,1513,1.15,2568,35,0.326,27.52
2016,11,,Washington Nationals,NL,162,5490,763,1403,268,29,203,735,536,1252,121,39,0.256,0.326,0.426,0.752,6201,64,48,63,102,1466,0.99,2338,49,0.293,27.04
2016,12,,Minnesota Twins,AL,162,5618,722,1409,288,35,200,690,513,1426,91,32,0.251,0.316,0.421,0.737,6245,44,27,43,96,1401,0.96,2367,24,0.3,28.09
2016,13,,Chicago Cubs,NL,162,5503,808,1409,293,30,199,767,656,1339,66,34,0.256,0.343,0.429,0.772,6335,96,42,37,107,1414,1.0,2359,45,0.302,27.65
2016,14,,Houston Astros,AL,162,5545,724,1367,291,29,198,689,554,1452,102,44,0.247,0.319,0.417,0.736,6204,47,27,31,134,1444,1.08,2310,31,0.298,28.0
2016,15,,Milwaukee Brewers,NL,162,5330,671,1299,249,19,194,641,599,1543,181,56,0.244,0.322,0.407,0.729,6061,37,53,39,131,1439,1.26,2168,34,0.304,27.47
2016,16,,Arizona Diamondbacks,NL,162,5665,752,1479,285,56,190,709,463,1427,137,31,0.261,0.32,0.432,0.752,6260,50,43,38,117,1623,1.33,2446,43,0.315,29.82
2016,17,,Los Angeles Dodgers,NL,162,5518,725,1376,272,21,189,680,525,1321,45,26,0.249,0.319,0.409,0.728,6164,58,30,32,120,1568,1.19,2257,31,0.294,29.2
2016,18,,Cleveland Indians,AL,161,5484,777,1435,308,29,185,733,531,1246,134,31,0.262,0.329,0.43,0.759,6155,49,31,60,137,1431,0.98,2356,16,0.304,29.64
2016,19,,New York Yankees,AL,162,5458,680,1378,245,20,183,647,475,1188,72,22,0.252,0.315,0.405,0.72,6059,42,21,49,121,1516,1.05,2212,19,0.289,29.82
2016,20,,San Diego Padres,NL,162,5419,686,1275,257,26,177,654,449,1500,125,45,0.235,0.299,0.39,0.689,6001,58,36,36,93,1428,1.11,2115,30,0.291,30.62
2016,21,,Oakland Athletics,AL,162,5500,653,1352,270,21,169,634,442,1145,50,23,0.246,0.304,0.395,0.699,6022,33,13,34,142,1473,0.93,2171,19,0.28,32.54
2016,22,,Chicago White Sox,AL,162,5550,686,1428,277,33,168,656,455,1285,77,36,0.257,0.317,0.41,0.727,6131,53,29,44,122,1547,1.13,2275,16,0.304,33.04
2016,23,,Cincinnati Reds,NL,162,5487,716,1403,277,33,164,678,452,1284,139,51,0.256,0.316,0.408,0.724,6094,52,58,44,129,1509,1.08,2238,37,0.303,33.46
2016,24,,Philadelphia Phillies,NL,162,5434,610,1305,231,35,161,574,424,1376,96,45,0.24,0.301,0.384,0.685,5992,58,46,30,112,1534,1.18,2089,33,0.291,33.75
2016,25,,Los Angeles Angels,AL,162,5431,717,1410,279,20,156,686,471,991,73,34,0.26,0.322,0.405,0.727,6041,51,36,49,147,1634,1.1,2197,21,0.289,34.81
2016,26,,Pittsburgh Pirates,NL,162,5542,729,1426,277,32,153,696,561,1334,110,45,0.257,0.332,0.402,0.734,6261,81,41,36,133,1574,1.22,2226,39,0.311,36.22
2016,27,,Kansas City Royals,AL,162,5552,675,1450,264,33,147,640,382,1224,121,35,0.261,0.312,0.4,0.712,6052,45,38,34,134,1581,1.15,2221,23,0.309,37.77
2016,28,,San Francisco Giants,NL,162,5565,715,1437,280,54,130,675,572,1107,79,36,0.258,0.329,0.398,0.727,6271,42,42,46,120,1616,1.08,2215,43,0.299,42.81
2016,29,,Miami Marlins,NL,161,5547,655,1460,259,42,128,626,447,1213,71,28,0.263,0.322,0.394,0.716,6134,54,46,38,140,1660,1.28,2187,40,0.314,43.34
2016,30,,Atlanta Braves,NL,161,5514,649,1404,295,27,122,615,502,1240,75,34,0.255,0.321,0.384,0.705,6192,59,64,52,145,1675,1.28,2119,60,0.305,45.2
2017,1,,New York Yankees,AL,162,5594,858,1463,266,23,241,821,616,1386,90,22,0.262,0.339,0.447,0.786,6354,64,18,56,119,1401,0.99,2498,22,0.304,23.21
2017,2,,Houston Astros,AL,162,5611,896,1581,346,20,238,854,509,1087,98,42,0.282,0.346,0.478,0.824,6271,70,11,61,139,1494,0.98,2681,27,0.309,23.58
2017,3,,Texas Rangers,AL,162,5430,799,1326,255,21,237,756,544,1493,113,44,0.244,0.32,0.43,0.75,6122,81,27,39,110,1346,1.01,2334,18,0.291,22.91
2017,4,,Oakland Athletics,AL,162,5464,739,1344,305,15,234,708,565,1491,57,22,0.246,0.319,0.436,0.755,6126,43,13,40,129,1185,0.79,2381,15,0.294,23.35
2017,5,,Baltimore Orioles,AL,162,5650,743,1469,269,12,232,713,392,1412,32,13,0.26,0.312,0.435,0.747,6140,50,10,37,138,1417,1.01,2458,12,0.306,24.35
2017,6,,Tampa Bay Rays,AL,162,5478,694,1340,226,32,228,671,545,1538,88,34,0.245,0.317,0.422,0.739,6147,55,16,48,115,1320,0.98,2314,33,0.296,24.03
2017,7,,Milwaukee Brewers,NL,162,5467,732,1363,267,22,224,695,547,1571,128,41,0.249,0.322,0.429,0.751,6135,53,42,26,116,1407,1.18,2346,34,0.308,24.41
2017,7,,New York Mets,NL,162,5510,735,1379,286,28,224,713,529,1291,58,23,0.25,0.32,0.434,0.754,6169,57,36,37,118,1347,0.86,2393,31,0.286,24.6
2017,9,,Chicago Cubs,NL,162,5496,822,1402,274,29,223,785,622,1401,62,31,0.255,0.338,0.437,0.775,6283,82,48,32,134,1501,1.18,2403,54,0.302,24.65
2017,10,,Toronto Blue Jays,AL,162,5499,693,1320,269,5,222,661,542,1327,53,24,0.24,0.312,0.412,0.724,6154,51,25,35,153,1476,1.03,2265,12,0.276,24.77
2017,11,,Los Angeles Dodgers,NL,162,5408,770,1347,312,20,221,730,649,1380,77,28,0.249,0.334,0.437,0.771,6191,64,31,38,119,1376,1.0,2362,41,0.293,24.47
2017,12,,Arizona Diamondbacks,NL,162,5525,812,1405,314,39,220,776,578,1456,103,30,0.254,0.329,0.445,0.774,6224,54,39,27,106,1441,1.12,2457,44,0.306,25.11
2017,13,,Cincinnati Reds,NL,162,5484,753,1390,249,38,219,715,565,1329,120,39,0.253,0.329,0.433,0.762,6213,72,50,42,116,1472,1.06,2372,41,0.294,25.04
2017,14,,Washington Nationals,NL,162,5553,819,1477,311,31,215,796,542,1327,108,30,0.266,0.332,0.449,0.781,6214,31,43,45,116,1423,1.01,2495,56,0.311,25.83
2017,15,,Cleveland Indians,AL,162,5511,818,1449,333,29,212,780,604,1153,88,23,0.263,0.339,0.449,0.788,6234,50,23,45,125,1485,1.0,2476,30,0.295,26.0
2017,16,,Minnesota Twins,AL,162,5557,815,1444,286,31,206,781,593,1342,95,28,0.26,0.334,0.434,0.768,6261,46,26,39,105,1375,0.94,2410,26,0.306,26.98
2017,17,,Seattle Mariners,AL,162,5551,750,1436,281,17,200,714,487,1267,89,35,0.259,0.325,0.424,0.749,6166,78,14,35,131,1444,0.99,2351,31,0.3,27.76
2017,18,,St. Louis Cardinals,NL,162,5470,761,1402,284,28,196,728,593,1348,81,31,0.256,0.334,0.426,0.76,6219,65,47,44,139,1427,1.03,2330,36,0.304,27.91
2017,19,,Miami Marlins,NL,162,5602,778,1497,271,31,194,743,486,1282,91,30,0.267,0.331,0.431,0.762,6248,67,50,41,119,1670,1.34,2412,48,0.313,28.88
2017,20,,Kansas City Royals,AL,162,5536,702,1436,260,24,193,660,390,1166,91,31,0.259,0.311,0.42,0.731,6027,45,17,37,160,1431,0.92,2323,19,0.295,28.68
2017,21,,Colorado Rockies,NL,162,5534,824,1510,293,38,192,793,519,1408,59,34,0.273,0.338,0.444,0.782,6201,44,62,41,143,1497,1.23,2455,46,0.332,28.82
2017,22,,San Diego Padres,NL,162,5356,604,1251,227,31,189,576,460,1499,89,33,0.234,0.299,0.393,0.692,5954,53,52,33,99,1331,0.98,2107,20,0.287,28.34
2017,23,,Detroit Tigers,AL,162,5556,735,1435,289,35,187,699,503,1313,65,34,0.258,0.324,0.424,0.748,6150,52,11,27,128,1396,0.96,2355,21,0.306,29.71
2017,24,,Chicago White Sox,AL,162,5513,706,1412,256,37,186,670,401,1397,71,31,0.256,0.314,0.417,0.731,6059,76,35,33,124,1482,1.15,2300,17,0.309,29.64
2017,24,,Los Angeles Angels,AL,162,5415,710,1314,251,14,186,678,523,1198,136,44,0.243,0.315,0.397,0.712,6073,70,17,46,141,1572,1.13,2151,30,0.277,29.11
2017,26,,Philadelphia Phillies,NL,162,5535,690,1382,287,36,174,654,494,1417,59,25,0.25,0.315,0.409,0.724,6133,47,21,36,128,1485,1.14,2263,25,0.304,31.81
2017,27,,Boston Red Sox,AL,162,5669,785,1461,302,19,168,735,571,1224,106,31,0.258,0.329,0.407,0.736,6338,53,9,36,141,1554,1.05,2305,48,0.3,33.74
2017,28,,Atlanta Braves,NL,162,5584,732,1467,289,26,165,706,474,1184,77,31,0.263,0.326,0.412,0.738,6216,66,59,32,137,1678,1.25,2303,57,0.305,33.84
2017,29,,Pittsburgh Pirates,NL,162,5458,668,1331,249,36,151,635,519,1213,67,36,0.244,0.318,0.386,0.704,6136,88,42,28,120,1624,1.19,2105,39,0.286,36.15
2017,30,,San Francisco Giants,NL,162,5551,639,1382,290,28,128,612,467,1204,76,34,0.249,0.309,0.38,0.689,6137,36,31,52,136,1612,1.12,2112,37,0.294,43.37
2018,1,,New York Yankees,AL,162,5515,851,1374,269,23,267,821,625,1421,63,21,0.249,0.329,0.451,0.78,6271,62,10,59,107,1337,0.92,2490,21,0.285,20.66
2018,2,,Los Angeles Dodgers,NL,163,5572,804,1394,296,33,235,756,647,1436,75,24,0.25,0.333,0.442,0.775,6358,61,39,39,119,1338,0.9,2461,47,0.294,23.71
2018,3,,Oakland Athletics,AL,162,5579,813,1407,322,20,227,778,550,1381,35,21,0.252,0.325,0.439,0.764,6255,76,6,44,136,1289,0.83,2450,18,0.294,24.58
2018,4,,Milwaukee Brewers,NL,163,5542,754,1398,252,24,218,711,537,1458,124,32,0.252,0.323,0.424,0.747,6210,58,29,41,128,1480,1.16,2352,32,0.302,25.42
2018,5,,Toronto Blue Jays,AL,162,5477,709,1336,320,16,217,680,499,1387,47,30,0.244,0.312,0.427,0.739,6076,58,5,37,118,1338,0.92,2339,15,0.286,25.24
2018,6,,Cleveland Indians,AL,162,5595,818,1447,297,19,216,786,554,1189,135,36,0.259,0.332,0.434,0.766,6300,80,25,44,98,1423,0.89,2430,32,0.291,25.9
2018,7,,Los Angeles Angels,AL,162,5472,721,1323,249,23,214,690,514,1300,89,22,0.242,0.313,0.413,0.726,6108,73,7,39,111,1382,0.91,2260,38,0.277,25.57
2018,8,,Colorado Rockies,NL,163,5541,780,1418,280,42,210,748,507,1397,95,33,0.256,0.322,0.435,0.757,6178,51,42,37,114,1523,1.19,2412,38,0.304,26.39
2018,9,,Boston Red Sox,AL,162,5623,876,1509,355,31,208,829,569,1253,125,31,0.268,0.339,0.453,0.792,6302,55,7,48,130,1461,1.0,2550,38,0.309,27.03
2018,10,,Houston Astros,AL,162,5453,797,1390,278,18,205,763,565,1197,71,26,0.255,0.329,0.425,0.754,6146,61,14,45,156,1377,0.89,2319,19,0.289,26.6
2018,10,,St. Louis Cardinals,NL,162,5498,759,1369,248,9,205,725,525,1380,63,32,0.249,0.321,0.409,0.73,6200,80,46,48,92,1423,1.0,2250,40,0.294,26.82
2018,12,,Texas Rangers,AL,162,5453,737,1308,266,24,194,696,555,1484,74,35,0.24,0.318,0.404,0.722,6163,88,33,34,104,1369,1.01,2204,16,0.292,28.11
2018,13,,Washington Nationals,NL,162,5517,771,1402,284,25,191,737,631,1289,119,33,0.254,0.335,0.419,0.754,6288,59,41,40,104,1491,1.05,2309,56,0.297,28.88
2018,14,,Baltimore Orioles,AL,162,5507,622,1317,242,15,188,593,422,1412,81,22,0.239,0.298,0.391,0.689,6034,57,13,35,132,1441,1.04,2153,19,0.286,29.29
2018,15,,Philadelphia Phillies,NL,162,5424,677,1270,241,30,186,653,582,1520,69,26,0.234,0.314,0.393,0.707,6136,64,32,32,102,1335,0.98,2129,33,0.289,29.16
2018,16,,Chicago White Sox,AL,162,5523,656,1332,259,40,182,639,425,1594,98,41,0.241,0.302,0.401,0.703,6071,66,24,32,99,1383,1.09,2217,18,0.304,30.35
2018,17,,Arizona Diamondbacks,NL,162,5460,693,1283,259,50,176,658,560,1460,79,25,0.235,0.31,0.397,0.707,6157,52,38,45,110,1435,1.05,2170,36,0.286,31.02
2018,17,,Seattle Mariners,AL,162,5513,677,1402,256,32,176,644,430,1221,79,37,0.254,0.314,0.408,0.722,6087,70,29,41,128,1535,1.08,2250,17,0.295,31.32
2018,19,,Atlanta Braves,NL,162,5582,759,1433,314,29,175,717,511,1290,90,36,0.257,0.324,0.417,0.741,6251,66,49,43,99,1473,1.0,2330,53,0.302,31.9
2018,20,,Cincinnati Reds,NL,162,5532,696,1404,251,25,172,665,559,1376,77,33,0.254,0.328,0.401,0.729,6240,65,49,35,128,1361,0.92,2221,35,0.307,32.16
2018,21,,New York Mets,NL,162,5468,676,1282,265,34,170,649,566,1404,71,39,0.234,0.312,0.389,0.701,6177,73,28,42,116,1365,0.92,2125,36,0.283,32.16
2018,22,,Chicago Cubs,NL,163,5624,761,1453,286,34,167,722,576,1388,66,38,0.258,0.333,0.41,0.743,6369,78,40,46,107,1532,1.15,2308,67,0.313,33.68
2018,23,,Minnesota Twins,AL,162,5526,738,1379,317,22,166,704,534,1328,47,27,0.25,0.318,0.405,0.723,6154,37,19,38,89,1320,0.85,2238,25,0.298,33.29
2018,24,,San Diego Padres,NL,162,5486,617,1289,250,30,162,583,471,1523,95,36,0.235,0.297,0.38,0.677,6059,31,35,36,122,1481,1.17,2085,28,0.294,33.86
2018,25,,Pittsburgh Pirates,NL,161,5447,692,1381,290,38,157,665,474,1229,70,38,0.254,0.317,0.407,0.724,6066,59,31,52,121,1461,1.0,2218,38,0.298,34.69
2018,26,,Kansas City Royals,AL,162,5505,638,1350,283,29,155,606,427,1310,117,38,0.245,0.305,0.392,0.697,6063,67,24,40,123,1402,0.93,2156,13,0.293,35.52
2018,27,,Tampa Bay Rays,AL,162,5475,716,1415,274,43,150,664,540,1388,128,51,0.258,0.333,0.406,0.739,6195,101,28,50,122,1414,1.06,2225,17,0.317,36.5
2018,28,,Detroit Tigers,AL,162,5494,630,1326,284,35,135,597,428,1341,70,30,0.241,0.3,0.38,0.68,6029,52,15,40,110,1372,0.91,2085,18,0.293,40.7
2018,29,,San Francisco Giants,NL,162,5541,603,1324,255,30,133,573,448,1467,77,34,0.239,0.3,0.368,0.668,6113,49,33,42,113,1473,1.09,2038,40,0.299,41.66
2018,30,,Miami Marlins,NL,161,5488,589,1303,222,24,128,554,455,1384,45,31,0.237,0.303,0.357,0.66,6083,73,32,31,119,1554,1.19,1957,26,0.293,42.88
2019,1,,Minnesota Twins,AL,162,5732,939,1547,318,23,307,906,525,1334,28,21,0.27,0.338,0.494,0.832,6392,81,10,41,101,1322,0.84,2832,21,0.3,18.67
2019,2,,New York Yankees,AL,162,5583,943,1493,290,17,306,904,569,1437,55,22,0.267,0.339,0.49,0.829,6245,49,10,33,113,1318,0.96,2735,18,0.306,18.24
2019,3,,Houston Astros,AL,162,5613,920,1538,323,28,288,891,645,1166,67,27,0.274,0.352,0.495,0.847,6394,66,10,57,146,1441,0.94,2781,17,0.296,19.49
2019,4,,Los Angeles Dodgers,NL,162,5493,886,1414,302,20,279,861,607,1356,57,10,0.257,0.338,0.472,0.81,6282,81,55,45,100,1350,0.92,2593,47,0.291,19.69
2019,5,,Oakland Athletics,AL,162,5561,845,1384,292,23,257,800,578,1338,49,21,0.249,0.327,0.448,0.775,6269,87,7,36,140,1367,0.9,2493,17,0.282,21.64
2019,6,,Chicago Cubs,NL,162,5461,814,1378,270,26,256,783,581,1460,45,24,0.252,0.331,0.452,0.783,6195,83,30,39,127,1474,1.21,2468,33,0.297,21.33
2019,7,,Milwaukee Brewers,NL,162,5542,769,1366,279,17,250,744,629,1563,101,25,0.246,0.329,0.438,0.767,6309,72,20,38,120,1349,1.02,2429,42,0.296,22.17
2019,8,,Atlanta Braves,NL,162,5560,855,1432,277,29,249,824,619,1467,89,28,0.258,0.336,0.452,0.788,6302,60,25,35,104,1312,0.93,2514,39,0.305,22.33
2019,9,,Toronto Blue Jays,AL,162,5493,726,1299,270,21,247,697,509,1514,51,20,0.236,0.305,0.428,0.733,6091,45,14,28,107,1277,0.88,2352,10,0.28,22.24
2019,10,,Boston Red Sox,AL,162,5770,901,1554,345,27,245,857,590,1382,68,30,0.269,0.34,0.466,0.806,6475,49,20,44,127,1462,1.02,2688,36,0.313,23.55
2019,11,,New York Mets,NL,162,5624,791,1445,280,17,242,767,516,1384,56,27,0.257,0.328,0.442,0.77,6290,95,28,27,129,1507,1.12,2485,34,0.299,23.24
2019,12,,Seattle Mariners,AL,162,5500,758,1305,254,28,239,730,588,1581,115,47,0.237,0.316,0.424,0.74,6199,58,14,37,83,1270,0.91,2332,7,0.287,23.01
2019,13,,Washington Nationals,NL,162,5512,873,1460,298,27,231,824,584,1308,116,29,0.265,0.342,0.454,0.796,6267,81,48,42,117,1380,0.95,2505,33,0.306,23.86
2019,14,,Cincinnati Reds,NL,162,5450,701,1328,235,27,227,679,492,1436,80,38,0.244,0.315,0.422,0.737,6100,89,30,33,111,1354,0.97,2298,25,0.288,24.01
2019,15,,Colorado Rockies,NL,162,5660,835,1502,323,41,224,803,489,1503,71,31,0.265,0.326,0.456,0.782,6288,43,51,43,111,1422,1.07,2579,25,0.321,25.27
2019,16,,Cleveland Indians,AL,162,5425,769,1354,286,18,223,731,563,1332,103,35,0.25,0.323,0.432,0.755,6124,50,40,46,110,1393,0.97,2345,30,0.289,24.33
2019,16,,Texas Rangers,AL,162,5540,810,1374,296,24,223,765,534,1578,131,38,0.248,0.319,0.431,0.75,6204,67,17,44,98,1326,1.0,2387,18,0.304,24.84
2019,18,,Arizona Diamondbacks,NL,162,5633,813,1419,288,40,220,778,540,1360,88,14,0.252,0.323,0.434,0.757,6315,70,31,40,120,1492,1.04,2447,36,0.293,25.6
2019,18,,Los Angeles Angels,AL,162,5542,769,1368,268,21,220,734,586,1276,65,20,0.247,0.324,0.422,0.746,6251,67,4,42,143,1464,0.99,2338,29,0.281,25.19
2019,20,,San Diego Padres,NL,162,5391,682,1281,224,24,219,652,504,1581,70,37,0.238,0.308,0.41,0.718,6019,55,37,31,120,1383,1.14,2210,19,0.293,24.62
2019,21,,Tampa Bay Rays,AL,162,5628,769,1427,291,29,217,730,542,1493,94,37,0.254,0.325,0.431,0.756,6285,73,8,34,114,1424,1.07,2427,20,0.306,25.94
2019,22,,Philadelphia Phillies,NL,162,5571,774,1369,311,26,215,742,562,1453,78,18,0.246,0.319,0.427,0.746,6261,57,34,34,97,1384,0.97,2377,47,0.293,25.91
2019,23,,Baltimore Orioles,AL,162,5596,729,1379,252,25,213,698,462,1435,84,30,0.246,0.31,0.415,0.725,6189,71,22,37,111,1454,1.05,2320,8,0.293,26.27
2019,24,,St. Louis Cardinals,NL,162,5449,764,1336,246,24,210,714,561,1420,116,29,0.245,0.322,0.415,0.737,6167,76,40,39,110,1340,0.94,2260,15,0.292,25.95
2019,25,,Chicago White Sox,AL,161,5529,708,1443,260,20,182,676,378,1549,63,28,0.261,0.314,0.414,0.728,6042,66,36,32,114,1376,1.12,2289,13,0.329,30.38
2019,26,,San Francisco Giants,NL,162,5579,678,1332,300,26,167,655,475,1435,47,28,0.239,0.302,0.392,0.694,6170,50,24,42,111,1441,1.0,2185,26,0.29,33.41
2019,27,,Pittsburgh Pirates,NL,162,5657,758,1497,315,38,163,722,425,1213,64,29,0.265,0.321,0.42,0.741,6228,63,47,34,119,1657,1.21,2377,41,0.309,34.71
2019,28,,Kansas City Royals,AL,162,5496,691,1356,281,40,162,655,456,1405,117,39,0.247,0.309,0.401,0.71,6080,59,24,42,113,1430,1.04,2203,17,0.301,33.93
2019,29,,Detroit Tigers,AL,161,5549,582,1333,292,41,149,556,391,1595,57,20,0.24,0.294,0.388,0.682,6039,48,9,42,108,1282,0.92,2154,14,0.308,37.24
2019,30,,Miami Marlins,NL,162,5512,615,1326,265,18,146,593,395,1469,55,30,0.241,0.298,0.375,0.673,6045,73,31,33,139,1538,1.24,2065,16,0.3,37.75
2020,1,,Los Angeles Dodgers,NL,60,2042,349,523,97,6,118,327,228,471,29,8,0.256,0.338,0.483,0.821,2316,30,3,12,46,481,0.83,986,7,0.276,17.3
2020,2,,Atlanta Braves,NL,60,2074,348,556,130,3,103,338,239,573,23,4,0.268,0.349,0.483,0.832,2344,23,1,7,39,448,0.89,1001,13,0.322,20.14
2020,3,,Chicago White Sox,AL,60,2047,306,534,94,6,96,294,179,571,20,8,0.261,0.326,0.453,0.779,2267,24,1,13,44,496,1.08,928,1,0.314,21.32
2020,4,,San Diego Padres,NL,60,1972,325,506,103,12,95,312,204,479,55,13,0.257,0.333,0.466,0.799,2231,28,12,14,37,533,1.11,918,6,0.291,20.76
2020,5,,New York Yankees,AL,60,1915,315,473,87,7,94,301,251,480,27,7,0.247,0.342,0.447,0.789,2210,30,1,11,51,508,1.09,856,5,0.28,20.37
2020,6,,Minnesota Twins,AL,60,1937,269,468,81,3,91,258,186,528,14,7,0.242,0.315,0.427,0.742,2168,29,2,14,38,438,0.84,828,9,0.283,21.29
2020,7,,Cincinnati Reds,NL,60,1842,243,390,76,3,90,237,239,534,29,9,0.212,0.312,0.403,0.715,2123,33,0,7,44,446,0.93,742,4,0.245,20.47
2020,8,,Toronto Blue Jays,AL,60,2023,302,516,104,4,88,288,203,508,33,6,0.255,0.325,0.441,0.766,2263,12,8,14,39,511,1.0,892,4,0.297,22.99
2020,9,,New York Mets,NL,60,2023,286,551,106,7,86,278,197,498,20,10,0.272,0.348,0.459,0.807,2279,45,1,13,53,541,1.21,929,8,0.32,23.52
2020,10,,Los Angeles Angels,AL,60,2020,294,501,97,8,85,285,239,490,21,8,0.248,0.332,0.43,0.762,2308,25,6,18,49,511,0.94,869,8,0.284,23.76
2020,11,,Philadelphia Phillies,NL,60,1948,306,500,90,10,82,289,229,480,35,8,0.257,0.342,0.439,0.781,2223,28,8,10,40,473,0.92,856,16,0.299,23.76
2020,12,,Boston Red Sox,AL,60,2083,292,552,118,7,81,278,187,545,31,9,0.265,0.33,0.445,0.775,2304,21,4,9,51,518,1.08,927,8,0.321,25.72
2020,12,,San Francisco Giants,NL,60,2019,299,532,107,14,81,290,195,499,19,8,0.263,0.335,0.451,0.786,2259,27,4,13,51,477,0.9,910,8,0.311,24.93
2020,14,,Tampa Bay Rays,AL,60,1975,289,470,105,12,80,274,243,608,48,9,0.238,0.328,0.425,0.753,2261,28,0,14,38,465,1.04,839,9,0.3,24.69
2020,15,,Baltimore Orioles,AL,60,2026,274,523,102,7,77,264,164,514,19,14,0.258,0.321,0.429,0.75,2242,27,15,10,32,483,0.91,870,5,0.309,26.31
2020,16,,Milwaukee Brewers,NL,60,1920,247,429,83,5,75,238,221,582,15,11,0.223,0.313,0.389,0.702,2188,35,0,10,53,488,1.13,747,8,0.278,25.6
2020,17,,Chicago Cubs,NL,60,1918,265,422,82,8,74,248,229,568,24,10,0.22,0.318,0.387,0.705,2214,52,1,13,42,495,1.11,742,9,0.27,25.92
2020,18,,Oakland Athletics,AL,60,1908,274,430,91,11,71,264,238,524,26,3,0.225,0.322,0.396,0.718,2201,39,2,14,44,416,0.75,756,5,0.271,26.87
2020,19,,Houston Astros,AL,60,1992,279,478,103,12,69,268,192,440,22,11,0.24,0.312,0.408,0.72,2229,23,6,13,39,514,0.89,812,5,0.273,28.87
2020,20,,Kansas City Royals,AL,60,1988,248,485,97,7,68,237,172,527,49,20,0.244,0.309,0.402,0.711,2200,18,8,10,28,524,1.11,800,3,0.297,29.24
2020,21,,Washington Nationals,NL,60,1968,293,519,112,12,66,279,192,451,33,12,0.264,0.336,0.433,0.769,2218,32,5,21,42,524,1.05,853,16,0.308,29.82
2020,22,,Colorado Rockies,NL,60,2057,275,528,84,16,63,264,161,543,42,9,0.257,0.311,0.405,0.716,2257,10,7,19,41,485,0.92,833,12,0.316,32.65
2020,23,,Detroit Tigers,AL,58,1893,249,463,78,12,62,242,147,567,19,6,0.245,0.303,0.397,0.7,2076,19,1,14,42,438,1.0,751,1,0.314,30.53
2020,23,,Texas Rangers,AL,60,1936,224,420,80,9,62,204,167,548,49,14,0.217,0.285,0.364,0.649,2147,24,2,18,33,489,0.98,704,3,0.266,31.23
2020,25,,Miami Marlins,NL,60,1935,263,472,82,5,60,247,191,537,51,14,0.244,0.319,0.384,0.703,2167,25,6,9,37,501,1.14,744,6,0.306,32.25
2020,25,,Seattle Mariners,AL,60,1929,254,435,88,5,60,244,207,545,50,16,0.226,0.309,0.37,0.679,2181,30,3,12,35,475,0.97,713,5,0.281,32.15
2020,27,,Cleveland Indians,AL,60,1959,248,446,96,5,59,234,239,517,25,10,0.228,0.317,0.372,0.689,2247,24,7,16,40,507,0.99,729,4,0.277,33.2
2020,27,,Pittsburgh Pirates,NL,60,1932,219,425,76,6,59,210,167,521,16,11,0.22,0.284,0.357,0.641,2134,11,7,15,34,522,1.07,690,6,0.268,32.75
2020,29,,Arizona Diamondbacks,NL,60,1997,269,482,101,12,58,255,181,461,23,7,0.241,0.312,0.391,0.703,2238,36,1,23,37,530,0.97,781,5,0.282,34.43
2020,30,,St. Louis Cardinals,NL,58,1752,240,410,73,7,51,231,205,477,18,10,0.234,0.323,0.371,0.694,2011,33,4,16,38,434,0.96,650,3,0.29,34.35
2021,1,,Toronto Blue Jays,AL,162,5476,846,1455,285,13,262,816,496,1218,81,20,0.266,0.33,0.466,0.796,6070,51,10,35,112,1317,0.86,2552,14,0.296,20.9
2021,2,,San Francisco Giants,NL,162,5462,804,1360,271,25,241,768,602,1461,66,14,0.249,0.329,0.44,0.769,6196,64,36,30,117,1304,0.93,2404,45,0.295,22.66
2021,3,,Atlanta Braves,NL,161,5363,790,1307,269,20,239,762,549,1453,59,19,0.244,0.319,0.435,0.754,6056,67,32,43,81,1277,0.91,2333,36,0.288,22.44
2021,4,,Los Angeles Dodgers,NL,162,5445,830,1330,247,24,237,799,613,1408,65,17,0.244,0.33,0.429,0.759,6239,104,32,45,96,1285,0.86,2336,36,0.284,22.98
2021,5,,Minnesota Twins,AL,162,5431,729,1311,271,17,228,690,525,1405,54,15,0.241,0.314,0.423,0.737,6078,70,7,42,122,1364,0.97,2300,17,0.282,23.82
2021,6,,Cincinnati Reds,NL,162,5423,786,1352,295,13,222,756,553,1425,36,24,0.249,0.328,0.431,0.759,6162,105,35,45,129,1362,1.0,2339,22,0.296,24.43
2021,6,,New York Yankees,AL,162,5331,711,1266,213,12,222,666,621,1482,63,18,0.237,0.322,0.407,0.729,6060,63,10,34,154,1319,1.01,2169,14,0.285,24.01
2021,6,,Tampa Bay Rays,AL,162,5507,857,1336,288,36,222,810,585,1542,88,42,0.243,0.321,0.429,0.75,6213,72,6,41,75,1270,0.9,2362,27,0.294,24.81
2021,9,,Houston Astros,AL,162,5593,863,1496,299,14,221,834,569,1222,53,16,0.267,0.339,0.444,0.783,6291,64,9,54,136,1374,0.88,2486,25,0.303,25.31
2021,10,,Boston Red Sox,AL,162,5495,829,1434,330,23,219,783,512,1386,40,21,0.261,0.328,0.449,0.777,6122,61,10,42,100,1303,0.92,2467,22,0.309,25.09
2021,11,,Chicago Cubs,NL,162,5306,705,1255,225,26,210,672,502,1596,86,37,0.237,0.312,0.407,0.719,5972,92,40,30,133,1310,1.08,2162,17,0.296,25.27
2021,12,,Cleveland Indians,AL,162,5332,717,1269,248,22,203,686,453,1387,109,17,0.238,0.303,0.407,0.71,5907,64,20,36,105,1373,1.01,2170,18,0.282,26.27
2021,13,,Oakland Athletics,AL,162,5395,743,1284,271,19,199,698,545,1349,88,20,0.238,0.317,0.406,0.723,6104,98,17,49,99,1349,0.91,2190,17,0.278,27.11
2021,13,,Seattle Mariners,AL,162,5355,697,1209,233,11,199,673,535,1492,64,24,0.226,0.303,0.385,0.688,6010,72,9,36,92,1262,0.88,2061,8,0.273,26.91
2021,15,,Philadelphia Phillies,NL,162,5366,734,1288,262,24,198,700,564,1402,77,19,0.24,0.318,0.408,0.726,6089,67,47,43,103,1426,1.06,2192,37,0.286,27.1
2021,15,,St. Louis Cardinals,NL,162,5351,706,1303,261,22,198,678,478,1341,89,22,0.244,0.313,0.412,0.725,6001,86,40,44,99,1303,0.88,2202,32,0.287,27.02
2021,17,,Baltimore Orioles,AL,162,5420,659,1296,266,15,195,632,451,1454,54,23,0.239,0.304,0.402,0.706,5983,65,14,31,105,1288,0.9,2177,12,0.29,27.8
2021,18,,Milwaukee Brewers,NL,162,5362,738,1251,255,18,194,700,586,1465,82,21,0.233,0.317,0.396,0.713,6099,88,25,35,102,1352,1.0,2124,26,0.283,27.64
2021,19,,Chicago White Sox,AL,162,5357,796,1373,275,22,190,757,586,1389,57,20,0.256,0.336,0.422,0.758,6084,78,24,39,139,1413,1.13,2262,10,0.31,28.2
2021,19,,Los Angeles Angels,AL,162,5437,723,1331,265,23,190,691,464,1394,79,26,0.245,0.31,0.407,0.717,6016,59,30,25,107,1365,0.97,2212,35,0.294,28.62
2021,21,,Colorado Rockies,NL,161,5374,739,1338,275,34,182,709,491,1356,76,23,0.249,0.317,0.414,0.731,6007,58,48,36,98,1438,1.08,2227,24,0.299,29.53
2021,21,,Washington Nationals,NL,162,5385,724,1388,272,20,182,686,573,1303,56,26,0.258,0.337,0.417,0.754,6113,84,38,31,158,1555,1.29,2246,43,0.307,29.59
2021,23,,San Diego Padres,NL,162,5384,729,1305,273,21,180,695,586,1324,110,39,0.242,0.321,0.401,0.722,6119,61,36,46,121,1482,1.09,2160,42,0.287,29.91
2021,24,,Detroit Tigers,AL,162,5376,697,1299,236,37,179,675,490,1514,88,25,0.242,0.308,0.399,0.707,5979,44,17,50,113,1264,0.93,2146,8,0.3,30.03
2021,25,,New York Mets,NL,162,5210,636,1243,228,18,176,604,495,1392,54,26,0.239,0.315,0.391,0.706,5856,94,34,23,123,1336,1.03,2035,25,0.291,29.6
2021,26,,Texas Rangers,AL,162,5405,625,1254,225,24,167,598,433,1381,106,29,0.232,0.294,0.375,0.669,5943,58,16,31,113,1463,1.08,2028,10,0.28,32.36
2021,27,,Kansas City Royals,AL,162,5427,686,1349,251,29,163,647,421,1258,124,33,0.249,0.306,0.396,0.702,5993,55,31,52,100,1406,0.94,2147,8,0.292,33.29
2021,28,,Miami Marlins,NL,162,5348,623,1244,226,23,158,594,450,1553,106,29,0.233,0.298,0.372,0.67,5929,65,30,30,95,1344,1.06,1990,25,0.296,33.85
2021,29,,Arizona Diamondbacks,NL,162,5489,679,1297,308,31,144,644,537,1465,43,16,0.236,0.309,0.382,0.691,6144,54,32,28,99,1356,0.95,2099,24,0.295,38.12
2021,30,,Pittsburgh Pirates,NL,162,5336,609,1261,240,35,124,570,529,1328,60,30,0.236,0.309,0.364,0.673,5983,49,31,37,102,1450,1.06,1943,24,0.29,43.03
2022,1,,New York Yankees,AL,162,5422,807,1308,225,8,254,764,620,1391,102,33,0.241,0.325,0.426,0.751,6172,70,14,41,121,1312,0.89,2311,36,0.276,21.35
2022,2,,Atlanta Braves,NL,162,5509,789,1394,298,11,243,753,470,1498,87,31,0.253,0.317,0.443,0.76,6082,66,1,36,103,1285,0.94,2443,13,0.303,22.67
2022,3,,Milwaukee Brewers,NL,162,5417,725,1271,251,17,219,703,577,1464,96,30,0.235,0.315,0.409,0.724,6122,80,11,37,117,1335,0.96,2213,25,0.279,24.74
2022,4,,Houston Astros,AL,162,5409,737,1341,284,13,214,715,528,1179,83,22,0.248,0.319,0.424,0.743,6054,60,9,42,118,1378,0.88,2293,18,0.278,25.28
2022,5,,Los Angeles Dodgers,NL,162,5526,847,1418,325,31,212,812,607,1374,98,18,0.257,0.333,0.442,0.775,6247,56,3,53,85,1200,0.75,2441,22,0.302,26.07
2022,6,,Philadelphia Phillies,NL,162,5496,747,1392,255,29,205,719,478,1363,105,28,0.253,0.317,0.422,0.739,6077,52,6,44,116,1383,0.98,2320,15,0.299,26.81
2022,7,,Toronto Blue Jays,AL,162,5555,775,1464,307,12,200,756,500,1242,67,35,0.264,0.329,0.431,0.76,6158,55,8,33,136,1487,1.06,2395,13,0.305,27.78
2022,8,,Texas Rangers,AL,162,5478,707,1308,224,20,198,670,456,1446,128,41,0.239,0.301,0.395,0.696,6029,47,10,38,82,1265,0.84,2166,12,0.287,27.67
2022,9,,Seattle Mariners,AL,162,5375,690,1236,229,19,197,663,596,1397,83,27,0.23,0.315,0.39,0.705,6117,89,9,45,120,1274,0.84,2094,17,0.272,27.28
2022,9,,St. Louis Cardinals,NL,162,5496,772,1386,290,21,197,739,537,1226,95,25,0.252,0.325,0.42,0.745,6165,80,5,45,112,1374,0.88,2309,11,0.289,27.9
2022,11,,Los Angeles Angels,AL,162,5423,623,1265,219,31,190,600,449,1539,77,27,0.233,0.297,0.39,0.687,5977,54,25,25,95,1257,0.89,2116,28,0.289,28.54
2022,12,,San Francisco Giants,NL,162,5392,716,1260,255,18,183,683,571,1462,64,16,0.234,0.315,0.389,0.704,6117,95,6,53,109,1267,0.87,2100,14,0.283,29.46
2022,13,,Minnesota Twins,AL,162,5476,696,1356,269,18,178,668,518,1353,38,17,0.248,0.317,0.401,0.718,6113,62,10,46,133,1344,0.91,2195,11,0.295,30.76
2022,14,,Arizona Diamondbacks,NL,162,5351,702,1232,262,24,173,658,531,1341,104,29,0.23,0.304,0.385,0.689,6027,60,31,50,97,1442,1.02,2061,14,0.272,30.93
2022,15,,Baltimore Orioles,AL,162,5429,674,1281,275,25,171,639,476,1390,95,31,0.236,0.305,0.39,0.695,6049,83,12,43,95,1232,0.78,2119,10,0.284,31.75
2022,15,,New York Mets,NL,162,5489,772,1422,272,27,171,735,510,1217,62,22,0.259,0.332,0.412,0.744,6176,112,20,44,122,1451,0.99,2261,25,0.302,32.1
2022,17,,Chicago Cubs,NL,162,5425,657,1293,265,31,159,620,507,1448,111,37,0.238,0.311,0.387,0.698,6072,84,19,36,130,1440,1.11,2097,16,0.294,34.12
2022,18,,Pittsburgh Pirates,NL,162,5331,591,1186,221,29,158,555,476,1497,89,32,0.222,0.291,0.364,0.655,5912,54,19,32,96,1366,1.02,1939,14,0.277,33.74
2022,19,,Cincinnati Reds,NL,162,5380,648,1264,235,18,156,618,452,1430,58,33,0.235,0.304,0.372,0.676,5978,92,12,33,127,1342,0.97,2003,6,0.29,34.49
2022,20,,Boston Red Sox,AL,162,5539,735,1427,352,12,155,704,478,1373,52,20,0.258,0.321,0.409,0.73,6144,63,12,50,131,1409,1.01,2268,23,0.313,35.74
2022,21,,San Diego Padres,NL,162,5468,705,1317,275,18,153,682,574,1327,49,22,0.241,0.318,0.382,0.7,6175,65,17,46,95,1375,0.91,2087,24,0.289,35.74
2022,22,,Chicago White Sox,AL,162,5611,686,1435,272,9,149,654,388,1269,58,10,0.256,0.31,0.387,0.697,6123,73,16,35,127,1505,1.04,2172,9,0.304,37.66
2022,22,,Colorado Rockies,NL,162,5540,698,1408,280,34,149,669,453,1330,45,20,0.254,0.315,0.398,0.713,6105,61,10,40,139,1526,1.15,2203,10,0.307,37.18
2022,24,,Miami Marlins,NL,162,5395,586,1241,248,20,144,554,436,1429,122,29,0.23,0.294,0.363,0.657,5949,70,4,36,120,1400,1.03,1961,6,0.284,37.46
2022,25,,Tampa Bay Rays,AL,162,5412,666,1294,296,17,139,634,500,1395,95,37,0.239,0.309,0.377,0.686,6008,57,7,31,93,1346,0.95,2041,13,0.295,38.94
2022,26,,Kansas City Royals,AL,162,5437,640,1327,247,38,138,613,460,1287,104,34,0.244,0.306,0.38,0.686,6010,48,20,44,101,1343,0.87,2064,7,0.293,39.4
2022,27,,Oakland Athletics,AL,162,5314,568,1147,249,15,137,537,433,1389,78,23,0.216,0.281,0.346,0.627,5863,59,22,33,109,1439,1.03,1837,7,0.264,38.79
2022,28,,Washington Nationals,NL,162,5434,603,1351,252,20,136,579,442,1221,75,31,0.249,0.31,0.377,0.687,5998,60,20,37,141,1550,1.13,2051,12,0.295,39.96
2022,29,,Cleveland Guardians,AL,162,5558,698,1410,273,31,127,662,450,1122,119,27,0.254,0.316,0.383,0.699,6163,81,22,52,115,1502,0.94,2126,36,0.294,43.76
2022,30,,Detroit Tigers,AL,162,5378,557,1240,235,27,110,530,380,1413,47,24,0.231,0.286,0.346,0.632,5870,58,10,44,108,1384,0.99,1859,8,0.29,48.89
2023,1,,Atlanta Braves,NL,162,5597,947,1543,293,23,307,916,538,1289,132,27,0.276,0.344,0.501,0.845,6249,67,2,43,128,1396,0.99,2803,20,0.306,18.23
2023,2,,Los Angeles Dodgers,NL,162,5524,906,1422,303,20,249,877,644,1359,105,25,0.257,0.34,0.455,0.795,6333,85,5,69,98,1254,0.8,2512,29,0.294,22.18
2023,3,,Minnesota Twins,AL,162,5489,778,1336,264,24,233,745,594,1654,86,18,0.243,0.326,0.428,0.754,6219,92,12,32,119,1172,0.85,2347,13,0.304,23.56
2023,3,,Texas Rangers,AL,162,5595,881,1470,326,18,233,845,599,1416,79,19,0.263,0.337,0.452,0.789,6306,53,10,47,103,1249,0.82,2531,17,0.31,24.01
2023,5,,Los Angeles Angels,AL,162,5489,739,1346,248,26,231,708,518,1524,72,31,0.245,0.317,0.426,0.743,6145,79,8,46,117,1260,0.89,2339,27,0.295,23.76
2023,6,,Tampa Bay Rays,AL,162,5511,860,1432,282,24,230,827,514,1420,160,41,0.26,0.331,0.445,0.776,6164,95,6,38,110,1319,0.95,2452,7,0.308,23.96
2023,7,,Houston Astros,AL,162,5567,827,1441,280,22,222,799,550,1241,107,32,0.259,0.331,0.437,0.768,6253,72,14,40,123,1387,0.89,2431,17,0.294,25.08
2023,8,,Philadelphia Phillies,NL,162,5541,796,1417,291,29,220,771,539,1481,141,26,0.256,0.327,0.438,0.765,6207,69,13,42,110,1298,0.93,2426,22,0.308,25.19
2023,9,,New York Yankees,AL,162,5323,673,1207,221,15,219,650,557,1427,100,30,0.227,0.304,0.397,0.701,5973,47,9,36,119,1336,0.96,2115,18,0.266,24.31
2023,10,,New York Mets,NL,162,5363,717,1276,221,21,215,692,525,1331,118,15,0.238,0.316,0.407,0.723,6056,107,19,38,105,1354,0.93,2184,11,0.275,24.94
2023,11,,Seattle Mariners,AL,162,5500,758,1332,283,12,210,728,548,1603,118,30,0.242,0.321,0.413,0.734,6201,111,4,37,95,1175,0.82,2269,14,0.301,26.19
2023,12,,St. Louis Cardinals,NL,162,5510,719,1376,264,12,209,697,570,1326,101,29,0.25,0.326,0.416,0.742,6204,70,13,37,122,1384,0.94,2291,17,0.291,26.36
2023,13,,San Diego Padres,NL,162,5401,752,1316,273,14,205,719,653,1311,137,32,0.244,0.329,0.413,0.742,6180,57,22,44,134,1342,0.9,2232,16,0.283,26.35
2023,14,,Cincinnati Reds,NL,162,5499,783,1371,268,37,198,747,556,1500,190,48,0.249,0.327,0.42,0.747,6195,92,19,29,101,1303,0.95,2307,8,0.306,27.77
2023,15,,Chicago Cubs,NL,162,5504,819,1399,269,30,196,786,570,1391,140,34,0.254,0.33,0.421,0.751,6220,77,15,52,95,1365,0.96,2316,11,0.303,28.08
2023,16,,Toronto Blue Jays,AL,162,5562,746,1423,292,19,188,705,550,1303,99,34,0.256,0.329,0.417,0.746,6220,69,4,32,129,1346,0.88,2317,14,0.301,29.58
2023,17,,Baltimore Orioles,AL,162,5495,807,1399,309,28,183,780,512,1370,114,24,0.255,0.321,0.421,0.742,6123,45,21,47,114,1318,0.89,2313,14,0.305,30.03
2023,18,,Boston Red Sox,AL,162,5562,772,1437,339,19,182,734,486,1372,112,26,0.258,0.324,0.424,0.748,6174,71,11,35,118,1371,0.96,2360,15,0.31,30.56
2023,19,,San Francisco Giants,NL,162,5412,674,1271,256,13,174,651,544,1492,57,16,0.235,0.312,0.383,0.695,6095,81,17,39,116,1304,0.93,2075,19,0.29,31.1
2023,20,,Chicago White Sox,AL,162,5501,641,1308,264,13,171,617,377,1424,86,22,0.238,0.291,0.384,0.675,5980,52,16,29,122,1466,1.09,2111,19,0.289,32.17
2023,20,,Oakland Athletics,AL,162,5311,585,1187,225,21,171,563,498,1496,149,31,0.223,0.298,0.37,0.668,5966,85,28,36,125,1324,0.97,1967,12,0.276,31.06
2023,22,,Arizona Diamondbacks,NL,162,5436,746,1359,274,44,166,706,540,1247,166,26,0.25,0.322,0.408,0.73,6124,58,36,50,121,1479,1.03,2219,11,0.293,32.75
2023,22,,Miami Marlins,NL,162,5497,666,1423,258,23,166,633,430,1287,86,21,0.259,0.316,0.405,0.721,6043,50,22,38,159,1503,1.12,2225,23,0.308,33.11
2023,24,,Detroit Tigers,AL,162,5478,661,1292,245,29,165,635,508,1473,85,23,0.236,0.305,0.382,0.687,6080,49,13,31,107,1328,0.93,2090,10,0.291,33.2
2023,24,,Milwaukee Brewers,NL,162,5386,728,1290,257,16,165,696,591,1412,129,28,0.24,0.319,0.385,0.704,6084,58,7,39,144,1383,1.03,2074,15,0.292,32.64
2023,26,,Colorado Rockies,NL,162,5496,721,1368,305,31,163,685,447,1543,76,25,0.249,0.31,0.405,0.715,6055,59,11,41,124,1292,0.96,2224,8,0.315,33.72
2023,26,,Kansas City Royals,AL,162,5428,676,1325,258,43,163,651,411,1396,163,47,0.244,0.303,0.398,0.701,5985,71,14,58,96,1270,0.84,2158,12,0.296,33.3
2023,28,,Pittsburgh Pirates,NL,162,5406,692,1293,287,31,159,662,556,1464,117,41,0.239,0.315,0.392,0.707,6089,58,25,43,92,1360,1.0,2119,9,0.296,34.0
2023,29,,Washington Nationals,NL,162,5522,700,1401,279,26,151,665,423,1149,127,29,0.254,0.314,0.396,0.71,6085,78,20,38,112,1515,1.0,2185,6,0.293,36.57
2023,30,,Cleveland Guardians,AL,162,5513,662,1379,294,29,124,622,471,1142,151,36,0.25,0.313,0.381,0.694,6096,55,13,44,108,1496,0.96,2103,40,0.292,44.46
